Available conda environments:

# conda environments:
#
base                 * /ems/elsc-labs/mizrahi-a/amichai.lavi/miniconda3
myenv                  /ems/elsc-labs/mizrahi-a/amichai.lavi/miniconda3/envs/myenv

Warning: working_memory environment not found. Using base environment.
Packages present: pandas, numpy, scipy, plotly, sklearn, streamlit
================================================================================
NPXL Batch Processing Script
================================================================================

Searching for folders starting with 'catgt' in: /ems/elsc-labs/mizrahi-a/Shared/Amichai/NPXL/Recs

Found 22 folder(s) to process:
  1. /ems/elsc-labs/mizrahi-a/Shared/Amichai/NPXL/Recs/group5/catGTGroup5/catgt_G5A1_naive_2b_4t_high_and_low_2_g0
  2. /ems/elsc-labs/mizrahi-a/Shared/Amichai/NPXL/Recs/group5/catGTGroup5/catgt_G5A1_naive_2b_4t_high_and_low_g0
  3. /ems/elsc-labs/mizrahi-a/Shared/Amichai/NPXL/Recs/group5/catGTGroup5/catgt_G5A1_naive_2b_4t_high_g0
  4. /ems/elsc-labs/mizrahi-a/Shared/Amichai/NPXL/Recs/group5/catGTGroup5/catgt_G5A1_naive_FRA_g0
  5. /ems/elsc-labs/mizrahi-a/Shared/Amichai/NPXL/Recs/group5/catGTGroup5/catgt_G5A2_naive_2b_4t_nn_g0
  6. /ems/elsc-labs/mizrahi-a/Shared/Amichai/NPXL/Recs/group5/catGTGroup5/catgt_G5A2_naive_FRA_g0
  7. /ems/elsc-labs/mizrahi-a/Shared/Amichai/NPXL/Recs/group5/catGTGroup5/catgt_G5A3_1b_4t_new2_g0
  8. /ems/elsc-labs/mizrahi-a/Shared/Amichai/NPXL/Recs/group5/catGTGroup5/catgt_G5A3_1b_4t_new_g0
  9. /ems/elsc-labs/mizrahi-a/Shared/Amichai/NPXL/Recs/group5/catGTGroup5/catgt_G5A3_1b_FRA_g0
  10. /ems/elsc-labs/mizrahi-a/Shared/Amichai/NPXL/Recs/group5/catGTGroup5/catgt_G5A3_2b_4t_new2_g0
  11. /ems/elsc-labs/mizrahi-a/Shared/Amichai/NPXL/Recs/group5/catGTGroup5/catgt_G5A3_naive_FRA_g0
  12. /ems/elsc-labs/mizrahi-a/Shared/Amichai/NPXL/Recs/group5/catGTGroup5/catgt_G5A3_naive_true_g0
  13. /ems/elsc-labs/mizrahi-a/Shared/Amichai/NPXL/Recs/group6/catgt_G6A5_expert_1B_3T_tip_g0
  14. /ems/elsc-labs/mizrahi-a/Shared/Amichai/NPXL/Recs/group7/catgt_G7A1_1BExpert _2B_3T_g0
  15. /ems/elsc-labs/mizrahi-a/Shared/Amichai/NPXL/Recs/group7/catgt_G7A1_1BExpert _FRA_g0
  16. /ems/elsc-labs/mizrahi-a/Shared/Amichai/NPXL/Recs/group7/catgt_G7A1_Expert_1B_3T_g0
  17. /ems/elsc-labs/mizrahi-a/Shared/Amichai/NPXL/Recs/group7/catgt_G7A1_novice_2b_4t_g0
  18. /ems/elsc-labs/mizrahi-a/Shared/Amichai/NPXL/Recs/group7/catgt_G7A1_novice_FRA_g0
  19. /ems/elsc-labs/mizrahi-a/Shared/Amichai/NPXL/Recs/group7/catgt_G7A2_novice_2b_4t_g1
  20. /ems/elsc-labs/mizrahi-a/Shared/Amichai/NPXL/Recs/group7/catgt_G7A2_novice_FRA_g0
  21. /ems/elsc-labs/mizrahi-a/Shared/Amichai/NPXL/Recs/group7/catgt_G7A3_novice_2b_4t_g0
  22. /ems/elsc-labs/mizrahi-a/Shared/Amichai/NPXL/Recs/group7/catgt_G7A3_novice_FRA_g0

================================================================================
Processing folder 1/22: catgt_G5A1_naive_2b_4t_high_and_low_2_g0
Full path: /ems/elsc-labs/mizrahi-a/Shared/Amichai/NPXL/Recs/group5/catGTGroup5/catgt_G5A1_naive_2b_4t_high_and_low_2_g0
================================================================================
Imports successful!
Workspace root: /ems/elsc-labs/mizrahi-a/Shared/Amichai/Code/DB

================================================================================
LOADING DATA
================================================================================

Loaded data:
  OFC_all shape: (99, 1600, 82)
  ACx_all shape: (16, 1600, 82)

Successfully loaded unit labels for OFC and ACx
  OFC labels shape: (115, 1)
  ACx labels shape: (234, 1)

Good units:
  OFC good units: 74
  ACx good units: 0
n_units: 99
n_time_bins: 1600
n_events: 82
window_duration: 4.0
bin_size: 0.004999999999999893
n_units: 16
n_time_bins: 1600
n_events: 82
window_duration: 4.0
bin_size: 0.004999999999999893

Loaded event windows data:
  ACx: (16, 1600, 82) units × time × events
  OFC: (99, 1600, 82) units × time × events
Results will be saved to: /ems/elsc-labs/mizrahi-a/Shared/Amichai/NPXL/Recs/group5/catGTGroup5/catgt_G5A1_naive_2b_4t_high_and_low_2_g0/analysis_output

================================================================================
PROCESSING ACx
================================================================================

=== Finding active ACx units (tone-aligned) ===
Found 15 active units (p < 1) out of 16
  Found 15 active ACx units

=== Computing selectivity metrics for ACx ===
  Stimulus selective: 11
  Outcome modulated: 0
  Go/NoGo selective: 0
  Choice coding: 10
  Saved ACx selectivity metrics to: /ems/elsc-labs/mizrahi-a/Shared/Amichai/NPXL/Recs/group5/catGTGroup5/catgt_G5A1_naive_2b_4t_high_and_low_2_g0/analysis_output/tables/acx_selectivity_metrics.csv
    Serialized list columns: ['tuning_curve_stimuli', 'tuning_curve', 'tuning_curve_sem']

=== Creating Unit objects for ACx ===

=== Computing aligned data for ACx ===
  Computing category sensitivity...
  Found 0 category-sensitive units (p<0.05)
  Total units analyzed for category: 15

=== Generating tone-aligned plots for ACx ===
  Total tone-modulated units: 15
  Units with p<0.05: 2

=== Saving raw PSTH plots for all ACx_Tone responsive units (sorted by p-value) ===
  Saving to: /ems/elsc-labs/mizrahi-a/Shared/Amichai/NPXL/Recs/group5/catGTGroup5/catgt_G5A1_naive_2b_4t_high_and_low_2_g0/analysis_output/plots/psth/acx_tone
  Saved 2 ACx_Tone raw PSTH plots (sorted by significance) to /ems/elsc-labs/mizrahi-a/Shared/Amichai/NPXL/Recs/group5/catGTGroup5/catgt_G5A1_naive_2b_4t_high_and_low_2_g0/analysis_output/plots/psth/acx_tone
  Generating tone-aligned heatmaps for 2 units with p<0.05...
    Processing heatmap 1/2: Unit 1
  Generated 2 tone-aligned heatmaps
  Stored 2 PSTH paths and 2 heatmap paths for tone

  Skipping choice-aligned plots (no data available)

  Skipping outcome-aligned plots (no data available)

=== Generating category-aligned plots for ACx ===
  Total category-modulated units: 15
  Units with p<0.05: 0
  No units with p<0.05 for category plots

=== Final save: comprehensive ACx unit metrics with all plot paths ===
  Saved ACx comprehensive unit metrics to: /ems/elsc-labs/mizrahi-a/Shared/Amichai/NPXL/Recs/group5/catGTGroup5/catgt_G5A1_naive_2b_4t_high_and_low_2_g0/analysis_output/tables/acx_all_units_metrics.csv
  Saved ACx comprehensive metrics (with all p-values and plot paths) to: /ems/elsc-labs/mizrahi-a/Shared/Amichai/NPXL/Recs/group5/catGTGroup5/catgt_G5A1_naive_2b_4t_high_and_low_2_g0/analysis_output/tables/acx_all_units_metrics.csv
  Saved metrics for 15 ACx units
  P-value columns: tone_p_value, choice_p_value, outcome_p_value, category_p_value
  Plot path columns: psth_tone_path, psth_choice_path, psth_outcome_path, psth_category_path
                     heatmap_tone_path, heatmap_choice_path, heatmap_outcome_path

=== Saving category sensitivity results for ACx ===
  Saved ACx category sensitivity to: /ems/elsc-labs/mizrahi-a/Shared/Amichai/NPXL/Recs/group5/catGTGroup5/catgt_G5A1_naive_2b_4t_high_and_low_2_g0/analysis_output/tables/acx_category_sensitivity.csv

================================================================================
PROCESSING OFC
================================================================================

=== Finding active OFC units (tone-aligned) ===
Found 98 active units (p < 1) out of 99
  Found 98 active OFC units

=== Computing selectivity metrics for OFC ===
  Stimulus selective: 97
  Outcome modulated: 29
  Go/NoGo selective: 1
  Choice coding: 74
  Saved OFC selectivity metrics to: /ems/elsc-labs/mizrahi-a/Shared/Amichai/NPXL/Recs/group5/catGTGroup5/catgt_G5A1_naive_2b_4t_high_and_low_2_g0/analysis_output/tables/ofc_selectivity_metrics.csv
    Serialized list columns: ['tuning_curve_stimuli', 'tuning_curve', 'tuning_curve_sem']

=== Creating Unit objects for OFC ===

=== Computing aligned data for OFC ===
  Computing category sensitivity...
  Found 2 category-sensitive units (p<0.05)
  Total units analyzed for category: 98

=== Generating tone-aligned plots for OFC ===
  Total tone-modulated units: 98
  Units with p<0.05: 36

=== Saving raw PSTH plots for all OFC_Tone responsive units (sorted by p-value) ===
  Saving to: /ems/elsc-labs/mizrahi-a/Shared/Amichai/NPXL/Recs/group5/catGTGroup5/catgt_G5A1_naive_2b_4t_high_and_low_2_g0/analysis_output/plots/psth/ofc_tone
  Saved 36 OFC_Tone raw PSTH plots (sorted by significance) to /ems/elsc-labs/mizrahi-a/Shared/Amichai/NPXL/Recs/group5/catGTGroup5/catgt_G5A1_naive_2b_4t_high_and_low_2_g0/analysis_output/plots/psth/ofc_tone
  Generating tone-aligned heatmaps for 36 units with p<0.05...
    Processing heatmap 1/36: Unit 81
    Processing heatmap 10/36: Unit 32
    Processing heatmap 20/36: Unit 80
    Processing heatmap 30/36: Unit 92
  Generated 36 tone-aligned heatmaps
  Stored 36 PSTH paths and 36 heatmap paths for tone

  Skipping choice-aligned plots (no data available)

  Skipping outcome-aligned plots (no data available)

=== Generating category-aligned plots for OFC ===
  Total category-modulated units: 98
  Units with p<0.05: 2
  Plotting PSTH by category for top 2 units with p<0.05:
    Unit 70 (p=0.0094, rank=1)
    Unit 48 (p=0.0434, rank=2)

  Stored category plot paths for 2 units

=== Final save: comprehensive OFC unit metrics with all plot paths ===
  Saved OFC comprehensive unit metrics to: /ems/elsc-labs/mizrahi-a/Shared/Amichai/NPXL/Recs/group5/catGTGroup5/catgt_G5A1_naive_2b_4t_high_and_low_2_g0/analysis_output/tables/ofc_all_units_metrics.csv
  Saved OFC comprehensive metrics (with all p-values and plot paths) to: /ems/elsc-labs/mizrahi-a/Shared/Amichai/NPXL/Recs/group5/catGTGroup5/catgt_G5A1_naive_2b_4t_high_and_low_2_g0/analysis_output/tables/ofc_all_units_metrics.csv
  Saved metrics for 98 OFC units
  P-value columns: tone_p_value, choice_p_value, outcome_p_value, category_p_value
  Plot path columns: psth_tone_path, psth_choice_path, psth_outcome_path, psth_category_path
                     heatmap_tone_path, heatmap_choice_path, heatmap_outcome_path

=== Saving category sensitivity results for OFC ===
  Saved OFC category sensitivity to: /ems/elsc-labs/mizrahi-a/Shared/Amichai/NPXL/Recs/group5/catGTGroup5/catgt_G5A1_naive_2b_4t_high_and_low_2_g0/analysis_output/tables/ofc_category_sensitivity.csv

================================================================================
ANALYSIS COMPLETE!
All results saved to: /ems/elsc-labs/mizrahi-a/Shared/Amichai/NPXL/Recs/group5/catGTGroup5/catgt_G5A1_naive_2b_4t_high_and_low_2_g0/analysis_output
================================================================================

✓ Successfully completed: /ems/elsc-labs/mizrahi-a/Shared/Amichai/NPXL/Recs/group5/catGTGroup5/catgt_G5A1_naive_2b_4t_high_and_low_2_g0

================================================================================
Processing folder 2/22: catgt_G5A1_naive_2b_4t_high_and_low_g0
Full path: /ems/elsc-labs/mizrahi-a/Shared/Amichai/NPXL/Recs/group5/catGTGroup5/catgt_G5A1_naive_2b_4t_high_and_low_g0
================================================================================
Imports successful!
Workspace root: /ems/elsc-labs/mizrahi-a/Shared/Amichai/Code/DB

================================================================================
LOADING DATA
================================================================================

✗ Error processing /ems/elsc-labs/mizrahi-a/Shared/Amichai/NPXL/Recs/group5/catGTGroup5/catgt_G5A1_naive_2b_4t_high_and_low_g0: OFC data file not found: /ems/elsc-labs/mizrahi-a/Shared/Amichai/NPXL/Recs/group5/catGTGroup5/catgt_G5A1_naive_2b_4t_high_and_low_g0/G5A1_naive_2b_4t_high_and_low_g0_imec1/analysis_output/event_windows_matrix.npy

Full traceback:

================================================================================
Processing folder 3/22: catgt_G5A1_naive_2b_4t_high_g0
Full path: /ems/elsc-labs/mizrahi-a/Shared/Amichai/NPXL/Recs/group5/catGTGroup5/catgt_G5A1_naive_2b_4t_high_g0
================================================================================
Imports successful!
Workspace root: /ems/elsc-labs/mizrahi-a/Shared/Amichai/Code/DB

================================================================================
LOADING DATA
================================================================================

Loaded data:
  OFC_all shape: (85, 1600, 150)
  ACx_all shape: (53, 1600, 150)

Successfully loaded unit labels for OFC and ACx
  OFC labels shape: (131, 1)
  ACx labels shape: (341, 1)

Good units:
  OFC good units: 60
  ACx good units: 6
n_units: 85
n_time_bins: 1600
n_events: 150
window_duration: 4.0
bin_size: 0.004999999999999893
n_units: 53
n_time_bins: 1600
n_events: 150
window_duration: 4.0
bin_size: 0.004999999999999893

Loaded event windows data:
  ACx: (53, 1600, 150) units × time × events
  OFC: (85, 1600, 150) units × time × events
Results will be saved to: /ems/elsc-labs/mizrahi-a/Shared/Amichai/NPXL/Recs/group5/catGTGroup5/catgt_G5A1_naive_2b_4t_high_g0/analysis_output

================================================================================
PROCESSING ACx
================================================================================

=== Finding active ACx units (tone-aligned) ===
Found 52 active units (p < 1) out of 53
  Found 52 active ACx units

=== Computing selectivity metrics for ACx ===
  Stimulus selective: 37
  Outcome modulated: 8
  Go/NoGo selective: 0
  Choice coding: 30
  Saved ACx selectivity metrics to: /ems/elsc-labs/mizrahi-a/Shared/Amichai/NPXL/Recs/group5/catGTGroup5/catgt_G5A1_naive_2b_4t_high_g0/analysis_output/tables/acx_selectivity_metrics.csv
    Serialized list columns: ['tuning_curve_stimuli', 'tuning_curve', 'tuning_curve_sem']

=== Creating Unit objects for ACx ===

=== Computing aligned data for ACx ===
  Computing category sensitivity...
  Found 4 category-sensitive units (p<0.05)
  Total units analyzed for category: 52

=== Generating tone-aligned plots for ACx ===
  Total tone-modulated units: 52
  Units with p<0.05: 5

=== Saving raw PSTH plots for all ACx_Tone responsive units (sorted by p-value) ===
  Saving to: /ems/elsc-labs/mizrahi-a/Shared/Amichai/NPXL/Recs/group5/catGTGroup5/catgt_G5A1_naive_2b_4t_high_g0/analysis_output/plots/psth/acx_tone
  Saved 5 ACx_Tone raw PSTH plots (sorted by significance) to /ems/elsc-labs/mizrahi-a/Shared/Amichai/NPXL/Recs/group5/catGTGroup5/catgt_G5A1_naive_2b_4t_high_g0/analysis_output/plots/psth/acx_tone
  Generating tone-aligned heatmaps for 5 units with p<0.05...
    Processing heatmap 1/5: Unit 0
  Generated 5 tone-aligned heatmaps
  Stored 5 PSTH paths and 5 heatmap paths for tone

  Skipping choice-aligned plots (no data available)

  Skipping outcome-aligned plots (no data available)

=== Generating category-aligned plots for ACx ===
  Total category-modulated units: 52
  Units with p<0.05: 4
  Plotting PSTH by category for top 4 units with p<0.05:
    Unit 0 (p=0.0079, rank=1)
    Unit 1 (p=0.0202, rank=2)
    Unit 26 (p=0.0302, rank=3)
    Unit 31 (p=0.0477, rank=4)

  Stored category plot paths for 4 units

=== Final save: comprehensive ACx unit metrics with all plot paths ===
  Saved ACx comprehensive unit metrics to: /ems/elsc-labs/mizrahi-a/Shared/Amichai/NPXL/Recs/group5/catGTGroup5/catgt_G5A1_naive_2b_4t_high_g0/analysis_output/tables/acx_all_units_metrics.csv
  Saved ACx comprehensive metrics (with all p-values and plot paths) to: /ems/elsc-labs/mizrahi-a/Shared/Amichai/NPXL/Recs/group5/catGTGroup5/catgt_G5A1_naive_2b_4t_high_g0/analysis_output/tables/acx_all_units_metrics.csv
  Saved metrics for 52 ACx units
  P-value columns: tone_p_value, choice_p_value, outcome_p_value, category_p_value
  Plot path columns: psth_tone_path, psth_choice_path, psth_outcome_path, psth_category_path
                     heatmap_tone_path, heatmap_choice_path, heatmap_outcome_path

=== Saving category sensitivity results for ACx ===
  Saved ACx category sensitivity to: /ems/elsc-labs/mizrahi-a/Shared/Amichai/NPXL/Recs/group5/catGTGroup5/catgt_G5A1_naive_2b_4t_high_g0/analysis_output/tables/acx_category_sensitivity.csv

================================================================================
PROCESSING OFC
================================================================================

=== Finding active OFC units (tone-aligned) ===
Found 85 active units (p < 1) out of 85
  Found 85 active OFC units

=== Computing selectivity metrics for OFC ===
  Stimulus selective: 78
  Outcome modulated: 28
  Go/NoGo selective: 0
  Choice coding: 74
  Saved OFC selectivity metrics to: /ems/elsc-labs/mizrahi-a/Shared/Amichai/NPXL/Recs/group5/catGTGroup5/catgt_G5A1_naive_2b_4t_high_g0/analysis_output/tables/ofc_selectivity_metrics.csv
    Serialized list columns: ['tuning_curve_stimuli', 'tuning_curve', 'tuning_curve_sem']

=== Creating Unit objects for OFC ===

=== Computing aligned data for OFC ===
  Computing category sensitivity...
  Found 3 category-sensitive units (p<0.05)
  Total units analyzed for category: 85

=== Generating tone-aligned plots for OFC ===
  Total tone-modulated units: 85
  Units with p<0.05: 24

=== Saving raw PSTH plots for all OFC_Tone responsive units (sorted by p-value) ===
  Saving to: /ems/elsc-labs/mizrahi-a/Shared/Amichai/NPXL/Recs/group5/catGTGroup5/catgt_G5A1_naive_2b_4t_high_g0/analysis_output/plots/psth/ofc_tone
  Saved 24 OFC_Tone raw PSTH plots (sorted by significance) to /ems/elsc-labs/mizrahi-a/Shared/Amichai/NPXL/Recs/group5/catGTGroup5/catgt_G5A1_naive_2b_4t_high_g0/analysis_output/plots/psth/ofc_tone
  Generating tone-aligned heatmaps for 24 units with p<0.05...
    Processing heatmap 1/24: Unit 84
    Processing heatmap 10/24: Unit 70
    Processing heatmap 20/24: Unit 25
  Generated 24 tone-aligned heatmaps
  Stored 24 PSTH paths and 24 heatmap paths for tone

  Skipping choice-aligned plots (no data available)

  Skipping outcome-aligned plots (no data available)

=== Generating category-aligned plots for OFC ===
  Total category-modulated units: 85
  Units with p<0.05: 3
  Plotting PSTH by category for top 3 units with p<0.05:
    Unit 46 (p=0.0085, rank=1)
    Unit 75 (p=0.0384, rank=2)
    Unit 78 (p=0.0414, rank=3)

  Stored category plot paths for 3 units

=== Final save: comprehensive OFC unit metrics with all plot paths ===
  Saved OFC comprehensive unit metrics to: /ems/elsc-labs/mizrahi-a/Shared/Amichai/NPXL/Recs/group5/catGTGroup5/catgt_G5A1_naive_2b_4t_high_g0/analysis_output/tables/ofc_all_units_metrics.csv
  Saved OFC comprehensive metrics (with all p-values and plot paths) to: /ems/elsc-labs/mizrahi-a/Shared/Amichai/NPXL/Recs/group5/catGTGroup5/catgt_G5A1_naive_2b_4t_high_g0/analysis_output/tables/ofc_all_units_metrics.csv
  Saved metrics for 85 OFC units
  P-value columns: tone_p_value, choice_p_value, outcome_p_value, category_p_value
  Plot path columns: psth_tone_path, psth_choice_path, psth_outcome_path, psth_category_path
                     heatmap_tone_path, heatmap_choice_path, heatmap_outcome_path

=== Saving category sensitivity results for OFC ===
  Saved OFC category sensitivity to: /ems/elsc-labs/mizrahi-a/Shared/Amichai/NPXL/Recs/group5/catGTGroup5/catgt_G5A1_naive_2b_4t_high_g0/analysis_output/tables/ofc_category_sensitivity.csv

================================================================================
ANALYSIS COMPLETE!
All results saved to: /ems/elsc-labs/mizrahi-a/Shared/Amichai/NPXL/Recs/group5/catGTGroup5/catgt_G5A1_naive_2b_4t_high_g0/analysis_output
================================================================================

✓ Successfully completed: /ems/elsc-labs/mizrahi-a/Shared/Amichai/NPXL/Recs/group5/catGTGroup5/catgt_G5A1_naive_2b_4t_high_g0

================================================================================
Processing folder 4/22: catgt_G5A1_naive_FRA_g0
Full path: /ems/elsc-labs/mizrahi-a/Shared/Amichai/NPXL/Recs/group5/catGTGroup5/catgt_G5A1_naive_FRA_g0
================================================================================
Imports successful!
Workspace root: /ems/elsc-labs/mizrahi-a/Shared/Amichai/Code/DB

================================================================================
LOADING DATA
================================================================================

Loaded data:
  OFC_all shape: (83, 1600, 564)
  ACx_all shape: (163, 1600, 564)

Successfully loaded unit labels for OFC and ACx
  OFC labels shape: (111, 1)
  ACx labels shape: (300, 1)

Good units:
  OFC good units: 61
  ACx good units: 1
n_units: 83
n_time_bins: 1600
n_events: 564
window_duration: 4.0
bin_size: 0.004999999999999893
n_units: 163
n_time_bins: 1600
n_events: 564
window_duration: 4.0
bin_size: 0.004999999999999893

Loaded event windows data:
  ACx: (163, 1600, 564) units × time × events
  OFC: (83, 1600, 564) units × time × events
Results will be saved to: /ems/elsc-labs/mizrahi-a/Shared/Amichai/NPXL/Recs/group5/catGTGroup5/catgt_G5A1_naive_FRA_g0/analysis_output

================================================================================
PROCESSING ACx
================================================================================

=== Finding active ACx units (tone-aligned) ===
Found 159 active units (p < 1) out of 163
  Found 159 active ACx units

=== Computing selectivity metrics for ACx ===
  Stimulus selective: 157
  Outcome modulated: 0
  Go/NoGo selective: 0
  Choice coding: 0
  Saved ACx selectivity metrics to: /ems/elsc-labs/mizrahi-a/Shared/Amichai/NPXL/Recs/group5/catGTGroup5/catgt_G5A1_naive_FRA_g0/analysis_output/tables/acx_selectivity_metrics.csv
    Serialized list columns: ['tuning_curve_stimuli', 'tuning_curve', 'tuning_curve_sem']

=== Creating Unit objects for ACx ===

=== Computing aligned data for ACx ===
  Computing category sensitivity...
  Found 0 category-sensitive units (p<0.05)
  Total units analyzed for category: 159

=== Generating tone-aligned plots for ACx ===
  Total tone-modulated units: 159
  Units with p<0.05: 16

=== Saving raw PSTH plots for all ACx_Tone responsive units (sorted by p-value) ===
  Saving to: /ems/elsc-labs/mizrahi-a/Shared/Amichai/NPXL/Recs/group5/catGTGroup5/catgt_G5A1_naive_FRA_g0/analysis_output/plots/psth/acx_tone
  Saved 16 ACx_Tone raw PSTH plots (sorted by significance) to /ems/elsc-labs/mizrahi-a/Shared/Amichai/NPXL/Recs/group5/catGTGroup5/catgt_G5A1_naive_FRA_g0/analysis_output/plots/psth/acx_tone
  Generating tone-aligned heatmaps for 16 units with p<0.05...
    Processing heatmap 1/16: Unit 68
    Processing heatmap 10/16: Unit 73
  Generated 16 tone-aligned heatmaps
  Stored 16 PSTH paths and 16 heatmap paths for tone

  Skipping choice-aligned plots (no data available)

  Skipping outcome-aligned plots (no data available)

=== Generating category-aligned plots for ACx ===
  Total category-modulated units: 159
  Units with p<0.05: 0
  No units with p<0.05 for category plots

=== Final save: comprehensive ACx unit metrics with all plot paths ===
  Saved ACx comprehensive unit metrics to: /ems/elsc-labs/mizrahi-a/Shared/Amichai/NPXL/Recs/group5/catGTGroup5/catgt_G5A1_naive_FRA_g0/analysis_output/tables/acx_all_units_metrics.csv
  Saved ACx comprehensive metrics (with all p-values and plot paths) to: /ems/elsc-labs/mizrahi-a/Shared/Amichai/NPXL/Recs/group5/catGTGroup5/catgt_G5A1_naive_FRA_g0/analysis_output/tables/acx_all_units_metrics.csv
  Saved metrics for 159 ACx units
  P-value columns: tone_p_value, choice_p_value, outcome_p_value, category_p_value
  Plot path columns: psth_tone_path, psth_choice_path, psth_outcome_path, psth_category_path
                     heatmap_tone_path, heatmap_choice_path, heatmap_outcome_path

=== Saving category sensitivity results for ACx ===
  Saved ACx category sensitivity to: /ems/elsc-labs/mizrahi-a/Shared/Amichai/NPXL/Recs/group5/catGTGroup5/catgt_G5A1_naive_FRA_g0/analysis_output/tables/acx_category_sensitivity.csv

================================================================================
PROCESSING OFC
================================================================================

=== Finding active OFC units (tone-aligned) ===
Found 83 active units (p < 1) out of 83
  Found 83 active OFC units

=== Computing selectivity metrics for OFC ===
  Stimulus selective: 83
  Outcome modulated: 0
  Go/NoGo selective: 0
  Choice coding: 0
  Saved OFC selectivity metrics to: /ems/elsc-labs/mizrahi-a/Shared/Amichai/NPXL/Recs/group5/catGTGroup5/catgt_G5A1_naive_FRA_g0/analysis_output/tables/ofc_selectivity_metrics.csv
    Serialized list columns: ['tuning_curve_stimuli', 'tuning_curve', 'tuning_curve_sem']

=== Creating Unit objects for OFC ===

=== Computing aligned data for OFC ===
  Computing category sensitivity...
  Found 0 category-sensitive units (p<0.05)
  Total units analyzed for category: 83

=== Generating tone-aligned plots for OFC ===
  Total tone-modulated units: 83
  Units with p<0.05: 12

=== Saving raw PSTH plots for all OFC_Tone responsive units (sorted by p-value) ===
  Saving to: /ems/elsc-labs/mizrahi-a/Shared/Amichai/NPXL/Recs/group5/catGTGroup5/catgt_G5A1_naive_FRA_g0/analysis_output/plots/psth/ofc_tone
  Saved 12 OFC_Tone raw PSTH plots (sorted by significance) to /ems/elsc-labs/mizrahi-a/Shared/Amichai/NPXL/Recs/group5/catGTGroup5/catgt_G5A1_naive_FRA_g0/analysis_output/plots/psth/ofc_tone
  Generating tone-aligned heatmaps for 12 units with p<0.05...
    Processing heatmap 1/12: Unit 65
    Processing heatmap 10/12: Unit 37
  Generated 12 tone-aligned heatmaps
  Stored 12 PSTH paths and 12 heatmap paths for tone

  Skipping choice-aligned plots (no data available)

  Skipping outcome-aligned plots (no data available)

=== Generating category-aligned plots for OFC ===
  Total category-modulated units: 83
  Units with p<0.05: 0
  No units with p<0.05 for category plots

=== Final save: comprehensive OFC unit metrics with all plot paths ===
  Saved OFC comprehensive unit metrics to: /ems/elsc-labs/mizrahi-a/Shared/Amichai/NPXL/Recs/group5/catGTGroup5/catgt_G5A1_naive_FRA_g0/analysis_output/tables/ofc_all_units_metrics.csv
  Saved OFC comprehensive metrics (with all p-values and plot paths) to: /ems/elsc-labs/mizrahi-a/Shared/Amichai/NPXL/Recs/group5/catGTGroup5/catgt_G5A1_naive_FRA_g0/analysis_output/tables/ofc_all_units_metrics.csv
  Saved metrics for 83 OFC units
  P-value columns: tone_p_value, choice_p_value, outcome_p_value, category_p_value
  Plot path columns: psth_tone_path, psth_choice_path, psth_outcome_path, psth_category_path
                     heatmap_tone_path, heatmap_choice_path, heatmap_outcome_path

=== Saving category sensitivity results for OFC ===
  Saved OFC category sensitivity to: /ems/elsc-labs/mizrahi-a/Shared/Amichai/NPXL/Recs/group5/catGTGroup5/catgt_G5A1_naive_FRA_g0/analysis_output/tables/ofc_category_sensitivity.csv

================================================================================
ANALYSIS COMPLETE!
All results saved to: /ems/elsc-labs/mizrahi-a/Shared/Amichai/NPXL/Recs/group5/catGTGroup5/catgt_G5A1_naive_FRA_g0/analysis_output
================================================================================

✓ Successfully completed: /ems/elsc-labs/mizrahi-a/Shared/Amichai/NPXL/Recs/group5/catGTGroup5/catgt_G5A1_naive_FRA_g0

================================================================================
Processing folder 5/22: catgt_G5A2_naive_2b_4t_nn_g0
Full path: /ems/elsc-labs/mizrahi-a/Shared/Amichai/NPXL/Recs/group5/catGTGroup5/catgt_G5A2_naive_2b_4t_nn_g0
================================================================================
Imports successful!
Workspace root: /ems/elsc-labs/mizrahi-a/Shared/Amichai/Code/DB

================================================================================
LOADING DATA
================================================================================

Loaded data:
  OFC_all shape: (383, 1600, 136)
  ACx_all shape: (153, 1600, 136)

Successfully loaded unit labels for OFC and ACx
  OFC labels shape: (401, 1)
  ACx labels shape: (181, 1)

Good units:
  OFC good units: 271
  ACx good units: 108
n_units: 383
n_time_bins: 1600
n_events: 136
window_duration: 4.0
bin_size: 0.004999999999999893
n_units: 153
n_time_bins: 1600
n_events: 136
window_duration: 4.0
bin_size: 0.004999999999999893

Loaded event windows data:
  ACx: (153, 1600, 136) units × time × events
  OFC: (383, 1600, 136) units × time × events
Results will be saved to: /ems/elsc-labs/mizrahi-a/Shared/Amichai/NPXL/Recs/group5/catGTGroup5/catgt_G5A2_naive_2b_4t_nn_g0/analysis_output

================================================================================
PROCESSING ACx
================================================================================

=== Finding active ACx units (tone-aligned) ===
Found 152 active units (p < 1) out of 153
  Found 152 active ACx units

=== Computing selectivity metrics for ACx ===
  Stimulus selective: 138
  Outcome modulated: 5
  Go/NoGo selective: 0
  Choice coding: 114
  Saved ACx selectivity metrics to: /ems/elsc-labs/mizrahi-a/Shared/Amichai/NPXL/Recs/group5/catGTGroup5/catgt_G5A2_naive_2b_4t_nn_g0/analysis_output/tables/acx_selectivity_metrics.csv
    Serialized list columns: ['tuning_curve_stimuli', 'tuning_curve', 'tuning_curve_sem']

=== Creating Unit objects for ACx ===

=== Computing aligned data for ACx ===
  Computing category sensitivity...
  Found 9 category-sensitive units (p<0.05)
  Total units analyzed for category: 152

=== Generating tone-aligned plots for ACx ===
  Total tone-modulated units: 152
  Units with p<0.05: 9

=== Saving raw PSTH plots for all ACx_Tone responsive units (sorted by p-value) ===
  Saving to: /ems/elsc-labs/mizrahi-a/Shared/Amichai/NPXL/Recs/group5/catGTGroup5/catgt_G5A2_naive_2b_4t_nn_g0/analysis_output/plots/psth/acx_tone
  Saved 9 ACx_Tone raw PSTH plots (sorted by significance) to /ems/elsc-labs/mizrahi-a/Shared/Amichai/NPXL/Recs/group5/catGTGroup5/catgt_G5A2_naive_2b_4t_nn_g0/analysis_output/plots/psth/acx_tone
  Generating tone-aligned heatmaps for 9 units with p<0.05...
    Processing heatmap 1/9: Unit 77
  Generated 9 tone-aligned heatmaps
  Stored 9 PSTH paths and 9 heatmap paths for tone

  Skipping choice-aligned plots (no data available)

  Skipping outcome-aligned plots (no data available)

=== Generating category-aligned plots for ACx ===
  Total category-modulated units: 152
  Units with p<0.05: 9
  Plotting PSTH by category for top 9 units with p<0.05:
    Unit 102 (p=0.0078, rank=1)
    Unit 127 (p=0.0198, rank=2)
    Unit 60 (p=0.0251, rank=3)
    Unit 66 (p=0.0314, rank=4)
    Unit 91 (p=0.0355, rank=5)
    Unit 147 (p=0.0378, rank=6)
    Unit 63 (p=0.0407, rank=7)
    Unit 138 (p=0.0420, rank=8)
    Unit 92 (p=0.0446, rank=9)

  Stored category plot paths for 9 units

=== Final save: comprehensive ACx unit metrics with all plot paths ===
  Saved ACx comprehensive unit metrics to: /ems/elsc-labs/mizrahi-a/Shared/Amichai/NPXL/Recs/group5/catGTGroup5/catgt_G5A2_naive_2b_4t_nn_g0/analysis_output/tables/acx_all_units_metrics.csv
  Saved ACx comprehensive metrics (with all p-values and plot paths) to: /ems/elsc-labs/mizrahi-a/Shared/Amichai/NPXL/Recs/group5/catGTGroup5/catgt_G5A2_naive_2b_4t_nn_g0/analysis_output/tables/acx_all_units_metrics.csv
  Saved metrics for 152 ACx units
  P-value columns: tone_p_value, choice_p_value, outcome_p_value, category_p_value
  Plot path columns: psth_tone_path, psth_choice_path, psth_outcome_path, psth_category_path
                     heatmap_tone_path, heatmap_choice_path, heatmap_outcome_path

=== Saving category sensitivity results for ACx ===
  Saved ACx category sensitivity to: /ems/elsc-labs/mizrahi-a/Shared/Amichai/NPXL/Recs/group5/catGTGroup5/catgt_G5A2_naive_2b_4t_nn_g0/analysis_output/tables/acx_category_sensitivity.csv

================================================================================
PROCESSING OFC
================================================================================

=== Finding active OFC units (tone-aligned) ===
Found 379 active units (p < 1) out of 383
  Found 379 active OFC units

=== Computing selectivity metrics for OFC ===
  Stimulus selective: 341
  Outcome modulated: 20
  Go/NoGo selective: 1
  Choice coding: 265
  Saved OFC selectivity metrics to: /ems/elsc-labs/mizrahi-a/Shared/Amichai/NPXL/Recs/group5/catGTGroup5/catgt_G5A2_naive_2b_4t_nn_g0/analysis_output/tables/ofc_selectivity_metrics.csv
    Serialized list columns: ['tuning_curve_stimuli', 'tuning_curve', 'tuning_curve_sem']

=== Creating Unit objects for OFC ===

=== Computing aligned data for OFC ===
  Computing category sensitivity...
  Found 7 category-sensitive units (p<0.05)
  Total units analyzed for category: 379

=== Generating tone-aligned plots for OFC ===
  Total tone-modulated units: 379
  Units with p<0.05: 8

=== Saving raw PSTH plots for all OFC_Tone responsive units (sorted by p-value) ===
  Saving to: /ems/elsc-labs/mizrahi-a/Shared/Amichai/NPXL/Recs/group5/catGTGroup5/catgt_G5A2_naive_2b_4t_nn_g0/analysis_output/plots/psth/ofc_tone
  Saved 8 OFC_Tone raw PSTH plots (sorted by significance) to /ems/elsc-labs/mizrahi-a/Shared/Amichai/NPXL/Recs/group5/catGTGroup5/catgt_G5A2_naive_2b_4t_nn_g0/analysis_output/plots/psth/ofc_tone
  Generating tone-aligned heatmaps for 8 units with p<0.05...
    Processing heatmap 1/8: Unit 273
  Generated 8 tone-aligned heatmaps
  Stored 8 PSTH paths and 8 heatmap paths for tone

  Skipping choice-aligned plots (no data available)

  Skipping outcome-aligned plots (no data available)

=== Generating category-aligned plots for OFC ===
  Total category-modulated units: 379
  Units with p<0.05: 7
  Plotting PSTH by category for top 7 units with p<0.05:
    Unit 27 (p=0.0034, rank=1)
    Unit 186 (p=0.0074, rank=2)
    Unit 252 (p=0.0112, rank=3)
    Unit 108 (p=0.0152, rank=4)
    Unit 233 (p=0.0214, rank=5)
    Unit 45 (p=0.0294, rank=6)
    Unit 356 (p=0.0373, rank=7)

  Stored category plot paths for 7 units

=== Final save: comprehensive OFC unit metrics with all plot paths ===
  Saved OFC comprehensive unit metrics to: /ems/elsc-labs/mizrahi-a/Shared/Amichai/NPXL/Recs/group5/catGTGroup5/catgt_G5A2_naive_2b_4t_nn_g0/analysis_output/tables/ofc_all_units_metrics.csv
  Saved OFC comprehensive metrics (with all p-values and plot paths) to: /ems/elsc-labs/mizrahi-a/Shared/Amichai/NPXL/Recs/group5/catGTGroup5/catgt_G5A2_naive_2b_4t_nn_g0/analysis_output/tables/ofc_all_units_metrics.csv
  Saved metrics for 379 OFC units
  P-value columns: tone_p_value, choice_p_value, outcome_p_value, category_p_value
  Plot path columns: psth_tone_path, psth_choice_path, psth_outcome_path, psth_category_path
                     heatmap_tone_path, heatmap_choice_path, heatmap_outcome_path

=== Saving category sensitivity results for OFC ===
  Saved OFC category sensitivity to: /ems/elsc-labs/mizrahi-a/Shared/Amichai/NPXL/Recs/group5/catGTGroup5/catgt_G5A2_naive_2b_4t_nn_g0/analysis_output/tables/ofc_category_sensitivity.csv

================================================================================
ANALYSIS COMPLETE!
All results saved to: /ems/elsc-labs/mizrahi-a/Shared/Amichai/NPXL/Recs/group5/catGTGroup5/catgt_G5A2_naive_2b_4t_nn_g0/analysis_output
================================================================================

✓ Successfully completed: /ems/elsc-labs/mizrahi-a/Shared/Amichai/NPXL/Recs/group5/catGTGroup5/catgt_G5A2_naive_2b_4t_nn_g0

================================================================================
Processing folder 6/22: catgt_G5A2_naive_FRA_g0
Full path: /ems/elsc-labs/mizrahi-a/Shared/Amichai/NPXL/Recs/group5/catGTGroup5/catgt_G5A2_naive_FRA_g0
================================================================================
Imports successful!
Workspace root: /ems/elsc-labs/mizrahi-a/Shared/Amichai/Code/DB

================================================================================
LOADING DATA
================================================================================

✗ Error processing /ems/elsc-labs/mizrahi-a/Shared/Amichai/NPXL/Recs/group5/catGTGroup5/catgt_G5A2_naive_FRA_g0: OFC data file not found: /ems/elsc-labs/mizrahi-a/Shared/Amichai/NPXL/Recs/group5/catGTGroup5/catgt_G5A2_naive_FRA_g0/G5A2_naive_FRA_g0_imec1/analysis_output/event_windows_matrix.npy

Full traceback:

================================================================================
Processing folder 7/22: catgt_G5A3_1b_4t_new2_g0
Full path: /ems/elsc-labs/mizrahi-a/Shared/Amichai/NPXL/Recs/group5/catGTGroup5/catgt_G5A3_1b_4t_new2_g0
================================================================================
Imports successful!
Workspace root: /ems/elsc-labs/mizrahi-a/Shared/Amichai/Code/DB

================================================================================
LOADING DATA
================================================================================

Loaded data:
  OFC_all shape: (48, 1600, 112)
  ACx_all shape: (320, 1600, 112)

Successfully loaded unit labels for OFC and ACx
  OFC labels shape: (199, 1)
  ACx labels shape: (392, 1)

Good units:
  OFC good units: 22
  ACx good units: 237
n_units: 48
n_time_bins: 1600
n_events: 112
window_duration: 4.0
bin_size: 0.004999999999999893
n_units: 320
n_time_bins: 1600
n_events: 112
window_duration: 4.0
bin_size: 0.004999999999999893

Loaded event windows data:
  ACx: (320, 1600, 112) units × time × events
  OFC: (48, 1600, 112) units × time × events
Results will be saved to: /ems/elsc-labs/mizrahi-a/Shared/Amichai/NPXL/Recs/group5/catGTGroup5/catgt_G5A3_1b_4t_new2_g0/analysis_output

================================================================================
PROCESSING ACx
================================================================================

=== Finding active ACx units (tone-aligned) ===
Found 313 active units (p < 1) out of 320
  Found 313 active ACx units

=== Computing selectivity metrics for ACx ===
  Stimulus selective: 301
  Outcome modulated: 144
  Go/NoGo selective: 99
  Choice coding: 237
  Saved ACx selectivity metrics to: /ems/elsc-labs/mizrahi-a/Shared/Amichai/NPXL/Recs/group5/catGTGroup5/catgt_G5A3_1b_4t_new2_g0/analysis_output/tables/acx_selectivity_metrics.csv
    Serialized list columns: ['tuning_curve_stimuli', 'tuning_curve', 'tuning_curve_sem']

=== Creating Unit objects for ACx ===

=== Computing aligned data for ACx ===
  Computing category sensitivity...
  Found 106 category-sensitive units (p<0.05)
  Total units analyzed for category: 313

=== Generating tone-aligned plots for ACx ===
  Total tone-modulated units: 313
  Units with p<0.05: 115

=== Saving raw PSTH plots for all ACx_Tone responsive units (sorted by p-value) ===
  Saving to: /ems/elsc-labs/mizrahi-a/Shared/Amichai/NPXL/Recs/group5/catGTGroup5/catgt_G5A3_1b_4t_new2_g0/analysis_output/plots/psth/acx_tone
  Saved 115 ACx_Tone raw PSTH plots (sorted by significance) to /ems/elsc-labs/mizrahi-a/Shared/Amichai/NPXL/Recs/group5/catGTGroup5/catgt_G5A3_1b_4t_new2_g0/analysis_output/plots/psth/acx_tone
  Generating tone-aligned heatmaps for 115 units with p<0.05...
    Processing heatmap 1/115: Unit 116
    Processing heatmap 10/115: Unit 97
    Processing heatmap 20/115: Unit 137
    Processing heatmap 30/115: Unit 3
    Processing heatmap 40/115: Unit 4
    Processing heatmap 50/115: Unit 88
    Processing heatmap 60/115: Unit 276
    Processing heatmap 70/115: Unit 58
    Processing heatmap 80/115: Unit 115
    Processing heatmap 90/115: Unit 270
    Processing heatmap 100/115: Unit 218
    Processing heatmap 110/115: Unit 135
  Generated 115 tone-aligned heatmaps
  Stored 115 PSTH paths and 115 heatmap paths for tone

  Skipping choice-aligned plots (no data available)

  Skipping outcome-aligned plots (no data available)

=== Generating category-aligned plots for ACx ===
  Total category-modulated units: 313
  Units with p<0.05: 106
  Plotting PSTH by category for top 10 units with p<0.05:
    Unit 131 (p=0.0000, rank=1)
    Unit 130 (p=0.0000, rank=2)
    Unit 129 (p=0.0000, rank=3)
    Unit 222 (p=0.0000, rank=4)
    Unit 117 (p=0.0000, rank=5)
    Unit 213 (p=0.0000, rank=6)
    Unit 219 (p=0.0000, rank=7)
    Unit 226 (p=0.0000, rank=8)
    Unit 139 (p=0.0000, rank=9)
    Unit 92 (p=0.0000, rank=10)

  Stored category plot paths for 10 units

=== Final save: comprehensive ACx unit metrics with all plot paths ===
  Saved ACx comprehensive unit metrics to: /ems/elsc-labs/mizrahi-a/Shared/Amichai/NPXL/Recs/group5/catGTGroup5/catgt_G5A3_1b_4t_new2_g0/analysis_output/tables/acx_all_units_metrics.csv
  Saved ACx comprehensive metrics (with all p-values and plot paths) to: /ems/elsc-labs/mizrahi-a/Shared/Amichai/NPXL/Recs/group5/catGTGroup5/catgt_G5A3_1b_4t_new2_g0/analysis_output/tables/acx_all_units_metrics.csv
  Saved metrics for 313 ACx units
  P-value columns: tone_p_value, choice_p_value, outcome_p_value, category_p_value
  Plot path columns: psth_tone_path, psth_choice_path, psth_outcome_path, psth_category_path
                     heatmap_tone_path, heatmap_choice_path, heatmap_outcome_path

=== Saving category sensitivity results for ACx ===
  Saved ACx category sensitivity to: /ems/elsc-labs/mizrahi-a/Shared/Amichai/NPXL/Recs/group5/catGTGroup5/catgt_G5A3_1b_4t_new2_g0/analysis_output/tables/acx_category_sensitivity.csv

================================================================================
PROCESSING OFC
================================================================================

=== Finding active OFC units (tone-aligned) ===
Found 46 active units (p < 1) out of 48
  Found 46 active OFC units

=== Computing selectivity metrics for OFC ===
  Stimulus selective: 40
  Outcome modulated: 2
  Go/NoGo selective: 0
  Choice coding: 21
  Saved OFC selectivity metrics to: /ems/elsc-labs/mizrahi-a/Shared/Amichai/NPXL/Recs/group5/catGTGroup5/catgt_G5A3_1b_4t_new2_g0/analysis_output/tables/ofc_selectivity_metrics.csv
    Serialized list columns: ['tuning_curve_stimuli', 'tuning_curve', 'tuning_curve_sem']

=== Creating Unit objects for OFC ===

=== Computing aligned data for OFC ===
  Computing category sensitivity...
  Found 0 category-sensitive units (p<0.05)
  Total units analyzed for category: 46

=== Generating tone-aligned plots for OFC ===
  Total tone-modulated units: 46
  Units with p<0.05: 1

=== Saving raw PSTH plots for all OFC_Tone responsive units (sorted by p-value) ===
  Saving to: /ems/elsc-labs/mizrahi-a/Shared/Amichai/NPXL/Recs/group5/catGTGroup5/catgt_G5A3_1b_4t_new2_g0/analysis_output/plots/psth/ofc_tone
  Saved 1 OFC_Tone raw PSTH plots (sorted by significance) to /ems/elsc-labs/mizrahi-a/Shared/Amichai/NPXL/Recs/group5/catGTGroup5/catgt_G5A3_1b_4t_new2_g0/analysis_output/plots/psth/ofc_tone
  Generating tone-aligned heatmaps for 1 units with p<0.05...
    Processing heatmap 1/1: Unit 43
  Generated 1 tone-aligned heatmaps
  Stored 1 PSTH paths and 1 heatmap paths for tone

  Skipping choice-aligned plots (no data available)

  Skipping outcome-aligned plots (no data available)

=== Generating category-aligned plots for OFC ===
  Total category-modulated units: 46
  Units with p<0.05: 0
  No units with p<0.05 for category plots

=== Final save: comprehensive OFC unit metrics with all plot paths ===
  Saved OFC comprehensive unit metrics to: /ems/elsc-labs/mizrahi-a/Shared/Amichai/NPXL/Recs/group5/catGTGroup5/catgt_G5A3_1b_4t_new2_g0/analysis_output/tables/ofc_all_units_metrics.csv
  Saved OFC comprehensive metrics (with all p-values and plot paths) to: /ems/elsc-labs/mizrahi-a/Shared/Amichai/NPXL/Recs/group5/catGTGroup5/catgt_G5A3_1b_4t_new2_g0/analysis_output/tables/ofc_all_units_metrics.csv
  Saved metrics for 46 OFC units
  P-value columns: tone_p_value, choice_p_value, outcome_p_value, category_p_value
  Plot path columns: psth_tone_path, psth_choice_path, psth_outcome_path, psth_category_path
                     heatmap_tone_path, heatmap_choice_path, heatmap_outcome_path

=== Saving category sensitivity results for OFC ===
  Saved OFC category sensitivity to: /ems/elsc-labs/mizrahi-a/Shared/Amichai/NPXL/Recs/group5/catGTGroup5/catgt_G5A3_1b_4t_new2_g0/analysis_output/tables/ofc_category_sensitivity.csv

================================================================================
ANALYSIS COMPLETE!
All results saved to: /ems/elsc-labs/mizrahi-a/Shared/Amichai/NPXL/Recs/group5/catGTGroup5/catgt_G5A3_1b_4t_new2_g0/analysis_output
================================================================================

✓ Successfully completed: /ems/elsc-labs/mizrahi-a/Shared/Amichai/NPXL/Recs/group5/catGTGroup5/catgt_G5A3_1b_4t_new2_g0

================================================================================
Processing folder 8/22: catgt_G5A3_1b_4t_new_g0
Full path: /ems/elsc-labs/mizrahi-a/Shared/Amichai/NPXL/Recs/group5/catGTGroup5/catgt_G5A3_1b_4t_new_g0
================================================================================
Imports successful!
Workspace root: /ems/elsc-labs/mizrahi-a/Shared/Amichai/Code/DB

================================================================================
LOADING DATA
================================================================================

✗ Error processing /ems/elsc-labs/mizrahi-a/Shared/Amichai/NPXL/Recs/group5/catGTGroup5/catgt_G5A3_1b_4t_new_g0: OFC data file not found: /ems/elsc-labs/mizrahi-a/Shared/Amichai/NPXL/Recs/group5/catGTGroup5/catgt_G5A3_1b_4t_new_g0/G5A3_1b_4t_new_g0_imec1/analysis_output/event_windows_matrix.npy

Full traceback:

================================================================================
Processing folder 9/22: catgt_G5A3_1b_FRA_g0
Full path: /ems/elsc-labs/mizrahi-a/Shared/Amichai/NPXL/Recs/group5/catGTGroup5/catgt_G5A3_1b_FRA_g0
================================================================================
Imports successful!
Workspace root: /ems/elsc-labs/mizrahi-a/Shared/Amichai/Code/DB

================================================================================
LOADING DATA
================================================================================

Loaded data:
  OFC_all shape: (62, 1600, 1600)
  ACx_all shape: (349, 1600, 1600)

Successfully loaded unit labels for OFC and ACx
  OFC labels shape: (199, 1)
  ACx labels shape: (464, 1)

Good units:
  OFC good units: 15
  ACx good units: 261
n_units: 62
n_time_bins: 1600
n_events: 1600
window_duration: 4.0
bin_size: 0.004999999999999893
n_units: 349
n_time_bins: 1600
n_events: 1600
window_duration: 4.0
bin_size: 0.004999999999999893

Loaded event windows data:
  ACx: (349, 1600, 1600) units × time × events
  OFC: (62, 1600, 1600) units × time × events
Results will be saved to: /ems/elsc-labs/mizrahi-a/Shared/Amichai/NPXL/Recs/group5/catGTGroup5/catgt_G5A3_1b_FRA_g0/analysis_output

================================================================================
PROCESSING ACx
================================================================================

=== Finding active ACx units (tone-aligned) ===
Found 345 active units (p < 1) out of 349
  Found 345 active ACx units

=== Computing selectivity metrics for ACx ===
  Stimulus selective: 334
  Outcome modulated: 0
  Go/NoGo selective: 0
  Choice coding: 0
  Saved ACx selectivity metrics to: /ems/elsc-labs/mizrahi-a/Shared/Amichai/NPXL/Recs/group5/catGTGroup5/catgt_G5A3_1b_FRA_g0/analysis_output/tables/acx_selectivity_metrics.csv
    Serialized list columns: ['tuning_curve_stimuli', 'tuning_curve', 'tuning_curve_sem']

=== Creating Unit objects for ACx ===

=== Computing aligned data for ACx ===
  Computing category sensitivity...
  Found 0 category-sensitive units (p<0.05)
  Total units analyzed for category: 345

=== Generating tone-aligned plots for ACx ===
  Total tone-modulated units: 345
  Units with p<0.05: 30

=== Saving raw PSTH plots for all ACx_Tone responsive units (sorted by p-value) ===
  Saving to: /ems/elsc-labs/mizrahi-a/Shared/Amichai/NPXL/Recs/group5/catGTGroup5/catgt_G5A3_1b_FRA_g0/analysis_output/plots/psth/acx_tone
  Saved 30 ACx_Tone raw PSTH plots (sorted by significance) to /ems/elsc-labs/mizrahi-a/Shared/Amichai/NPXL/Recs/group5/catGTGroup5/catgt_G5A3_1b_FRA_g0/analysis_output/plots/psth/acx_tone
  Generating tone-aligned heatmaps for 30 units with p<0.05...
    Processing heatmap 1/30: Unit 56
    Processing heatmap 10/30: Unit 70
    Processing heatmap 20/30: Unit 61
    Processing heatmap 30/30: Unit 286
  Generated 30 tone-aligned heatmaps
  Stored 30 PSTH paths and 30 heatmap paths for tone

  Skipping choice-aligned plots (no data available)

  Skipping outcome-aligned plots (no data available)

=== Generating category-aligned plots for ACx ===
  Total category-modulated units: 345
  Units with p<0.05: 0
  No units with p<0.05 for category plots

=== Final save: comprehensive ACx unit metrics with all plot paths ===
  Saved ACx comprehensive unit metrics to: /ems/elsc-labs/mizrahi-a/Shared/Amichai/NPXL/Recs/group5/catGTGroup5/catgt_G5A3_1b_FRA_g0/analysis_output/tables/acx_all_units_metrics.csv
  Saved ACx comprehensive metrics (with all p-values and plot paths) to: /ems/elsc-labs/mizrahi-a/Shared/Amichai/NPXL/Recs/group5/catGTGroup5/catgt_G5A3_1b_FRA_g0/analysis_output/tables/acx_all_units_metrics.csv
  Saved metrics for 345 ACx units
  P-value columns: tone_p_value, choice_p_value, outcome_p_value, category_p_value
  Plot path columns: psth_tone_path, psth_choice_path, psth_outcome_path, psth_category_path
                     heatmap_tone_path, heatmap_choice_path, heatmap_outcome_path

=== Saving category sensitivity results for ACx ===
  Saved ACx category sensitivity to: /ems/elsc-labs/mizrahi-a/Shared/Amichai/NPXL/Recs/group5/catGTGroup5/catgt_G5A3_1b_FRA_g0/analysis_output/tables/acx_category_sensitivity.csv

================================================================================
PROCESSING OFC
================================================================================

=== Finding active OFC units (tone-aligned) ===
Found 62 active units (p < 1) out of 62
  Found 62 active OFC units

=== Computing selectivity metrics for OFC ===
  Stimulus selective: 62
  Outcome modulated: 0
  Go/NoGo selective: 0
  Choice coding: 0
  Saved OFC selectivity metrics to: /ems/elsc-labs/mizrahi-a/Shared/Amichai/NPXL/Recs/group5/catGTGroup5/catgt_G5A3_1b_FRA_g0/analysis_output/tables/ofc_selectivity_metrics.csv
    Serialized list columns: ['tuning_curve_stimuli', 'tuning_curve', 'tuning_curve_sem']

=== Creating Unit objects for OFC ===

=== Computing aligned data for OFC ===
  Computing category sensitivity...
  Found 0 category-sensitive units (p<0.05)
  Total units analyzed for category: 62

=== Generating tone-aligned plots for OFC ===
  Total tone-modulated units: 62
  Units with p<0.05: 15

=== Saving raw PSTH plots for all OFC_Tone responsive units (sorted by p-value) ===
  Saving to: /ems/elsc-labs/mizrahi-a/Shared/Amichai/NPXL/Recs/group5/catGTGroup5/catgt_G5A3_1b_FRA_g0/analysis_output/plots/psth/ofc_tone
  Saved 15 OFC_Tone raw PSTH plots (sorted by significance) to /ems/elsc-labs/mizrahi-a/Shared/Amichai/NPXL/Recs/group5/catGTGroup5/catgt_G5A3_1b_FRA_g0/analysis_output/plots/psth/ofc_tone
  Generating tone-aligned heatmaps for 15 units with p<0.05...
    Processing heatmap 1/15: Unit 49
    Processing heatmap 10/15: Unit 34
  Generated 15 tone-aligned heatmaps
  Stored 15 PSTH paths and 15 heatmap paths for tone

  Skipping choice-aligned plots (no data available)

  Skipping outcome-aligned plots (no data available)

=== Generating category-aligned plots for OFC ===
  Total category-modulated units: 62
  Units with p<0.05: 0
  No units with p<0.05 for category plots

=== Final save: comprehensive OFC unit metrics with all plot paths ===
  Saved OFC comprehensive unit metrics to: /ems/elsc-labs/mizrahi-a/Shared/Amichai/NPXL/Recs/group5/catGTGroup5/catgt_G5A3_1b_FRA_g0/analysis_output/tables/ofc_all_units_metrics.csv
  Saved OFC comprehensive metrics (with all p-values and plot paths) to: /ems/elsc-labs/mizrahi-a/Shared/Amichai/NPXL/Recs/group5/catGTGroup5/catgt_G5A3_1b_FRA_g0/analysis_output/tables/ofc_all_units_metrics.csv
  Saved metrics for 62 OFC units
  P-value columns: tone_p_value, choice_p_value, outcome_p_value, category_p_value
  Plot path columns: psth_tone_path, psth_choice_path, psth_outcome_path, psth_category_path
                     heatmap_tone_path, heatmap_choice_path, heatmap_outcome_path

=== Saving category sensitivity results for OFC ===
  Saved OFC category sensitivity to: /ems/elsc-labs/mizrahi-a/Shared/Amichai/NPXL/Recs/group5/catGTGroup5/catgt_G5A3_1b_FRA_g0/analysis_output/tables/ofc_category_sensitivity.csv

================================================================================
ANALYSIS COMPLETE!
All results saved to: /ems/elsc-labs/mizrahi-a/Shared/Amichai/NPXL/Recs/group5/catGTGroup5/catgt_G5A3_1b_FRA_g0/analysis_output
================================================================================

✓ Successfully completed: /ems/elsc-labs/mizrahi-a/Shared/Amichai/NPXL/Recs/group5/catGTGroup5/catgt_G5A3_1b_FRA_g0

================================================================================
Processing folder 10/22: catgt_G5A3_2b_4t_new2_g0
Full path: /ems/elsc-labs/mizrahi-a/Shared/Amichai/NPXL/Recs/group5/catGTGroup5/catgt_G5A3_2b_4t_new2_g0
================================================================================
Imports successful!
Workspace root: /ems/elsc-labs/mizrahi-a/Shared/Amichai/Code/DB

================================================================================
LOADING DATA
================================================================================

Loaded data:
  OFC_all shape: (64, 1600, 181)
  ACx_all shape: (342, 1600, 181)

Successfully loaded unit labels for OFC and ACx
  OFC labels shape: (143, 1)
  ACx labels shape: (484, 1)

Good units:
  OFC good units: 53
  ACx good units: 253
n_units: 64
n_time_bins: 1600
n_events: 181
window_duration: 4.0
bin_size: 0.004999999999999893
n_units: 342
n_time_bins: 1600
n_events: 181
window_duration: 4.0
bin_size: 0.004999999999999893

Loaded event windows data:
  ACx: (342, 1600, 181) units × time × events
  OFC: (64, 1600, 181) units × time × events
Results will be saved to: /ems/elsc-labs/mizrahi-a/Shared/Amichai/NPXL/Recs/group5/catGTGroup5/catgt_G5A3_2b_4t_new2_g0/analysis_output

================================================================================
PROCESSING ACx
================================================================================

=== Finding active ACx units (tone-aligned) ===
Found 329 active units (p < 1) out of 342
  Found 329 active ACx units

=== Computing selectivity metrics for ACx ===
  Stimulus selective: 301
  Outcome modulated: 63
  Go/NoGo selective: 1
  Choice coding: 175
  Saved ACx selectivity metrics to: /ems/elsc-labs/mizrahi-a/Shared/Amichai/NPXL/Recs/group5/catGTGroup5/catgt_G5A3_2b_4t_new2_g0/analysis_output/tables/acx_selectivity_metrics.csv
    Serialized list columns: ['tuning_curve_stimuli', 'tuning_curve', 'tuning_curve_sem']

=== Creating Unit objects for ACx ===

=== Computing aligned data for ACx ===
  Computing category sensitivity...
  Found 24 category-sensitive units (p<0.05)
  Total units analyzed for category: 329

=== Generating tone-aligned plots for ACx ===
  Total tone-modulated units: 329
  Units with p<0.05: 27

=== Saving raw PSTH plots for all ACx_Tone responsive units (sorted by p-value) ===
  Saving to: /ems/elsc-labs/mizrahi-a/Shared/Amichai/NPXL/Recs/group5/catGTGroup5/catgt_G5A3_2b_4t_new2_g0/analysis_output/plots/psth/acx_tone
  Saved 27 ACx_Tone raw PSTH plots (sorted by significance) to /ems/elsc-labs/mizrahi-a/Shared/Amichai/NPXL/Recs/group5/catGTGroup5/catgt_G5A3_2b_4t_new2_g0/analysis_output/plots/psth/acx_tone
  Generating tone-aligned heatmaps for 27 units with p<0.05...
    Processing heatmap 1/27: Unit 324
    Processing heatmap 10/27: Unit 178
    Processing heatmap 20/27: Unit 296
  Generated 27 tone-aligned heatmaps
  Stored 27 PSTH paths and 27 heatmap paths for tone

  Skipping choice-aligned plots (no data available)

  Skipping outcome-aligned plots (no data available)

=== Generating category-aligned plots for ACx ===
  Total category-modulated units: 329
  Units with p<0.05: 24
  Plotting PSTH by category for top 10 units with p<0.05:
    Unit 96 (p=0.0021, rank=1)
    Unit 56 (p=0.0032, rank=2)
    Unit 304 (p=0.0064, rank=3)
    Unit 22 (p=0.0073, rank=4)
    Unit 68 (p=0.0083, rank=5)
    Unit 242 (p=0.0089, rank=6)
    Unit 215 (p=0.0092, rank=7)
    Unit 89 (p=0.0119, rank=8)
    Unit 216 (p=0.0162, rank=9)
    Unit 290 (p=0.0172, rank=10)

  Stored category plot paths for 10 units

=== Final save: comprehensive ACx unit metrics with all plot paths ===
  Saved ACx comprehensive unit metrics to: /ems/elsc-labs/mizrahi-a/Shared/Amichai/NPXL/Recs/group5/catGTGroup5/catgt_G5A3_2b_4t_new2_g0/analysis_output/tables/acx_all_units_metrics.csv
  Saved ACx comprehensive metrics (with all p-values and plot paths) to: /ems/elsc-labs/mizrahi-a/Shared/Amichai/NPXL/Recs/group5/catGTGroup5/catgt_G5A3_2b_4t_new2_g0/analysis_output/tables/acx_all_units_metrics.csv
  Saved metrics for 329 ACx units
  P-value columns: tone_p_value, choice_p_value, outcome_p_value, category_p_value
  Plot path columns: psth_tone_path, psth_choice_path, psth_outcome_path, psth_category_path
                     heatmap_tone_path, heatmap_choice_path, heatmap_outcome_path

=== Saving category sensitivity results for ACx ===
  Saved ACx category sensitivity to: /ems/elsc-labs/mizrahi-a/Shared/Amichai/NPXL/Recs/group5/catGTGroup5/catgt_G5A3_2b_4t_new2_g0/analysis_output/tables/acx_category_sensitivity.csv

================================================================================
PROCESSING OFC
================================================================================

=== Finding active OFC units (tone-aligned) ===
Found 64 active units (p < 1) out of 64
  Found 64 active OFC units

=== Computing selectivity metrics for OFC ===
  Stimulus selective: 63
  Outcome modulated: 32
  Go/NoGo selective: 0
  Choice coding: 57
  Saved OFC selectivity metrics to: /ems/elsc-labs/mizrahi-a/Shared/Amichai/NPXL/Recs/group5/catGTGroup5/catgt_G5A3_2b_4t_new2_g0/analysis_output/tables/ofc_selectivity_metrics.csv
    Serialized list columns: ['tuning_curve_stimuli', 'tuning_curve', 'tuning_curve_sem']

=== Creating Unit objects for OFC ===

=== Computing aligned data for OFC ===
  Computing category sensitivity...
  Found 0 category-sensitive units (p<0.05)
  Total units analyzed for category: 64

=== Generating tone-aligned plots for OFC ===
  Total tone-modulated units: 64
  Units with p<0.05: 3

=== Saving raw PSTH plots for all OFC_Tone responsive units (sorted by p-value) ===
  Saving to: /ems/elsc-labs/mizrahi-a/Shared/Amichai/NPXL/Recs/group5/catGTGroup5/catgt_G5A3_2b_4t_new2_g0/analysis_output/plots/psth/ofc_tone
  Saved 3 OFC_Tone raw PSTH plots (sorted by significance) to /ems/elsc-labs/mizrahi-a/Shared/Amichai/NPXL/Recs/group5/catGTGroup5/catgt_G5A3_2b_4t_new2_g0/analysis_output/plots/psth/ofc_tone
  Generating tone-aligned heatmaps for 3 units with p<0.05...
    Processing heatmap 1/3: Unit 51
  Generated 3 tone-aligned heatmaps
  Stored 3 PSTH paths and 3 heatmap paths for tone

  Skipping choice-aligned plots (no data available)

  Skipping outcome-aligned plots (no data available)

=== Generating category-aligned plots for OFC ===
  Total category-modulated units: 64
  Units with p<0.05: 0
  No units with p<0.05 for category plots

=== Final save: comprehensive OFC unit metrics with all plot paths ===
  Saved OFC comprehensive unit metrics to: /ems/elsc-labs/mizrahi-a/Shared/Amichai/NPXL/Recs/group5/catGTGroup5/catgt_G5A3_2b_4t_new2_g0/analysis_output/tables/ofc_all_units_metrics.csv
  Saved OFC comprehensive metrics (with all p-values and plot paths) to: /ems/elsc-labs/mizrahi-a/Shared/Amichai/NPXL/Recs/group5/catGTGroup5/catgt_G5A3_2b_4t_new2_g0/analysis_output/tables/ofc_all_units_metrics.csv
  Saved metrics for 64 OFC units
  P-value columns: tone_p_value, choice_p_value, outcome_p_value, category_p_value
  Plot path columns: psth_tone_path, psth_choice_path, psth_outcome_path, psth_category_path
                     heatmap_tone_path, heatmap_choice_path, heatmap_outcome_path

=== Saving category sensitivity results for OFC ===
  Saved OFC category sensitivity to: /ems/elsc-labs/mizrahi-a/Shared/Amichai/NPXL/Recs/group5/catGTGroup5/catgt_G5A3_2b_4t_new2_g0/analysis_output/tables/ofc_category_sensitivity.csv

================================================================================
ANALYSIS COMPLETE!
All results saved to: /ems/elsc-labs/mizrahi-a/Shared/Amichai/NPXL/Recs/group5/catGTGroup5/catgt_G5A3_2b_4t_new2_g0/analysis_output
================================================================================

✓ Successfully completed: /ems/elsc-labs/mizrahi-a/Shared/Amichai/NPXL/Recs/group5/catGTGroup5/catgt_G5A3_2b_4t_new2_g0

================================================================================
Processing folder 11/22: catgt_G5A3_naive_FRA_g0
Full path: /ems/elsc-labs/mizrahi-a/Shared/Amichai/NPXL/Recs/group5/catGTGroup5/catgt_G5A3_naive_FRA_g0
================================================================================
Imports successful!
Workspace root: /ems/elsc-labs/mizrahi-a/Shared/Amichai/Code/DB

================================================================================
LOADING DATA
================================================================================

Loaded data:
  OFC_all shape: (94, 1600, 1600)
  ACx_all shape: (115, 1600, 1600)

Successfully loaded unit labels for OFC and ACx
  OFC labels shape: (321, 1)
  ACx labels shape: (203, 1)

Good units:
  OFC good units: 32
  ACx good units: 44
n_units: 94
n_time_bins: 1600
n_events: 1600
window_duration: 4.0
bin_size: 0.004999999999999893
n_units: 115
n_time_bins: 1600
n_events: 1600
window_duration: 4.0
bin_size: 0.004999999999999893

Loaded event windows data:
  ACx: (115, 1600, 1600) units × time × events
  OFC: (94, 1600, 1600) units × time × events
Results will be saved to: /ems/elsc-labs/mizrahi-a/Shared/Amichai/NPXL/Recs/group5/catGTGroup5/catgt_G5A3_naive_FRA_g0/analysis_output

================================================================================
PROCESSING ACx
================================================================================

=== Finding active ACx units (tone-aligned) ===
Found 115 active units (p < 1) out of 115
  Found 115 active ACx units

=== Computing selectivity metrics for ACx ===
  Stimulus selective: 115
  Outcome modulated: 0
  Go/NoGo selective: 0
  Choice coding: 0
  Saved ACx selectivity metrics to: /ems/elsc-labs/mizrahi-a/Shared/Amichai/NPXL/Recs/group5/catGTGroup5/catgt_G5A3_naive_FRA_g0/analysis_output/tables/acx_selectivity_metrics.csv
    Serialized list columns: ['tuning_curve_stimuli', 'tuning_curve', 'tuning_curve_sem']

=== Creating Unit objects for ACx ===

=== Computing aligned data for ACx ===
  Computing category sensitivity...
  Found 0 category-sensitive units (p<0.05)
  Total units analyzed for category: 115

=== Generating tone-aligned plots for ACx ===
  Total tone-modulated units: 115
  Units with p<0.05: 16

=== Saving raw PSTH plots for all ACx_Tone responsive units (sorted by p-value) ===
  Saving to: /ems/elsc-labs/mizrahi-a/Shared/Amichai/NPXL/Recs/group5/catGTGroup5/catgt_G5A3_naive_FRA_g0/analysis_output/plots/psth/acx_tone
  Saved 16 ACx_Tone raw PSTH plots (sorted by significance) to /ems/elsc-labs/mizrahi-a/Shared/Amichai/NPXL/Recs/group5/catGTGroup5/catgt_G5A3_naive_FRA_g0/analysis_output/plots/psth/acx_tone
  Generating tone-aligned heatmaps for 16 units with p<0.05...
    Processing heatmap 1/16: Unit 49
    Processing heatmap 10/16: Unit 78
  Generated 16 tone-aligned heatmaps
  Stored 16 PSTH paths and 16 heatmap paths for tone

  Skipping choice-aligned plots (no data available)

  Skipping outcome-aligned plots (no data available)

=== Generating category-aligned plots for ACx ===
  Total category-modulated units: 115
  Units with p<0.05: 0
  No units with p<0.05 for category plots

=== Final save: comprehensive ACx unit metrics with all plot paths ===
  Saved ACx comprehensive unit metrics to: /ems/elsc-labs/mizrahi-a/Shared/Amichai/NPXL/Recs/group5/catGTGroup5/catgt_G5A3_naive_FRA_g0/analysis_output/tables/acx_all_units_metrics.csv
  Saved ACx comprehensive metrics (with all p-values and plot paths) to: /ems/elsc-labs/mizrahi-a/Shared/Amichai/NPXL/Recs/group5/catGTGroup5/catgt_G5A3_naive_FRA_g0/analysis_output/tables/acx_all_units_metrics.csv
  Saved metrics for 115 ACx units
  P-value columns: tone_p_value, choice_p_value, outcome_p_value, category_p_value
  Plot path columns: psth_tone_path, psth_choice_path, psth_outcome_path, psth_category_path
                     heatmap_tone_path, heatmap_choice_path, heatmap_outcome_path

=== Saving category sensitivity results for ACx ===
  Saved ACx category sensitivity to: /ems/elsc-labs/mizrahi-a/Shared/Amichai/NPXL/Recs/group5/catGTGroup5/catgt_G5A3_naive_FRA_g0/analysis_output/tables/acx_category_sensitivity.csv

================================================================================
PROCESSING OFC
================================================================================

=== Finding active OFC units (tone-aligned) ===
Found 92 active units (p < 1) out of 94
  Found 92 active OFC units

=== Computing selectivity metrics for OFC ===
  Stimulus selective: 92
  Outcome modulated: 0
  Go/NoGo selective: 0
  Choice coding: 0
  Saved OFC selectivity metrics to: /ems/elsc-labs/mizrahi-a/Shared/Amichai/NPXL/Recs/group5/catGTGroup5/catgt_G5A3_naive_FRA_g0/analysis_output/tables/ofc_selectivity_metrics.csv
    Serialized list columns: ['tuning_curve_stimuli', 'tuning_curve', 'tuning_curve_sem']

=== Creating Unit objects for OFC ===

=== Computing aligned data for OFC ===
  Computing category sensitivity...
  Found 0 category-sensitive units (p<0.05)
  Total units analyzed for category: 92

=== Generating tone-aligned plots for OFC ===
  Total tone-modulated units: 92
  Units with p<0.05: 0
  No units with p<0.05 for tone-aligned plots

  Skipping choice-aligned plots (no data available)

  Skipping outcome-aligned plots (no data available)

=== Generating category-aligned plots for OFC ===
  Total category-modulated units: 92
  Units with p<0.05: 0
  No units with p<0.05 for category plots

=== Final save: comprehensive OFC unit metrics with all plot paths ===
  Saved OFC comprehensive unit metrics to: /ems/elsc-labs/mizrahi-a/Shared/Amichai/NPXL/Recs/group5/catGTGroup5/catgt_G5A3_naive_FRA_g0/analysis_output/tables/ofc_all_units_metrics.csv
  Saved OFC comprehensive metrics (with all p-values and plot paths) to: /ems/elsc-labs/mizrahi-a/Shared/Amichai/NPXL/Recs/group5/catGTGroup5/catgt_G5A3_naive_FRA_g0/analysis_output/tables/ofc_all_units_metrics.csv
  Saved metrics for 92 OFC units
  P-value columns: tone_p_value, choice_p_value, outcome_p_value, category_p_value
  Plot path columns: psth_tone_path, psth_choice_path, psth_outcome_path, psth_category_path
                     heatmap_tone_path, heatmap_choice_path, heatmap_outcome_path

=== Saving category sensitivity results for OFC ===
  Saved OFC category sensitivity to: /ems/elsc-labs/mizrahi-a/Shared/Amichai/NPXL/Recs/group5/catGTGroup5/catgt_G5A3_naive_FRA_g0/analysis_output/tables/ofc_category_sensitivity.csv

================================================================================
ANALYSIS COMPLETE!
All results saved to: /ems/elsc-labs/mizrahi-a/Shared/Amichai/NPXL/Recs/group5/catGTGroup5/catgt_G5A3_naive_FRA_g0/analysis_output
================================================================================

✓ Successfully completed: /ems/elsc-labs/mizrahi-a/Shared/Amichai/NPXL/Recs/group5/catGTGroup5/catgt_G5A3_naive_FRA_g0

================================================================================
Processing folder 12/22: catgt_G5A3_naive_true_g0
Full path: /ems/elsc-labs/mizrahi-a/Shared/Amichai/NPXL/Recs/group5/catGTGroup5/catgt_G5A3_naive_true_g0
================================================================================
Imports successful!
Workspace root: /ems/elsc-labs/mizrahi-a/Shared/Amichai/Code/DB

================================================================================
LOADING DATA
================================================================================

Loaded data:
  OFC_all shape: (180, 1600, 299)
  ACx_all shape: (151, 1600, 299)

Successfully loaded unit labels for OFC and ACx
  OFC labels shape: (389, 1)
  ACx labels shape: (236, 1)

Good units:
  OFC good units: 117
  ACx good units: 98
n_units: 180
n_time_bins: 1600
n_events: 299
window_duration: 4.0
bin_size: 0.004999999999999893
n_units: 151
n_time_bins: 1600
n_events: 299
window_duration: 4.0
bin_size: 0.004999999999999893

Loaded event windows data:
  ACx: (151, 1600, 299) units × time × events
  OFC: (180, 1600, 299) units × time × events
Results will be saved to: /ems/elsc-labs/mizrahi-a/Shared/Amichai/NPXL/Recs/group5/catGTGroup5/catgt_G5A3_naive_true_g0/analysis_output

================================================================================
PROCESSING ACx
================================================================================

=== Finding active ACx units (tone-aligned) ===
Found 142 active units (p < 1) out of 151
  Found 142 active ACx units

=== Computing selectivity metrics for ACx ===
  Stimulus selective: 135
  Outcome modulated: 6
  Go/NoGo selective: 0
  Choice coding: 44
  Saved ACx selectivity metrics to: /ems/elsc-labs/mizrahi-a/Shared/Amichai/NPXL/Recs/group5/catGTGroup5/catgt_G5A3_naive_true_g0/analysis_output/tables/acx_selectivity_metrics.csv
    Serialized list columns: ['tuning_curve_stimuli', 'tuning_curve', 'tuning_curve_sem']

=== Creating Unit objects for ACx ===

=== Computing aligned data for ACx ===
  Computing category sensitivity...
  Found 3 category-sensitive units (p<0.05)
  Total units analyzed for category: 142

=== Generating tone-aligned plots for ACx ===
  Total tone-modulated units: 142
  Units with p<0.05: 43

=== Saving raw PSTH plots for all ACx_Tone responsive units (sorted by p-value) ===
  Saving to: /ems/elsc-labs/mizrahi-a/Shared/Amichai/NPXL/Recs/group5/catGTGroup5/catgt_G5A3_naive_true_g0/analysis_output/plots/psth/acx_tone
  Saved 43 ACx_Tone raw PSTH plots (sorted by significance) to /ems/elsc-labs/mizrahi-a/Shared/Amichai/NPXL/Recs/group5/catGTGroup5/catgt_G5A3_naive_true_g0/analysis_output/plots/psth/acx_tone
  Generating tone-aligned heatmaps for 43 units with p<0.05...
    Processing heatmap 1/43: Unit 21
    Processing heatmap 10/43: Unit 30
    Processing heatmap 20/43: Unit 72
    Processing heatmap 30/43: Unit 92
    Processing heatmap 40/43: Unit 74
  Generated 43 tone-aligned heatmaps
  Stored 43 PSTH paths and 43 heatmap paths for tone

  Skipping choice-aligned plots (no data available)

  Skipping outcome-aligned plots (no data available)

=== Generating category-aligned plots for ACx ===
  Total category-modulated units: 142
  Units with p<0.05: 3
  Plotting PSTH by category for top 3 units with p<0.05:
    Unit 21 (p=0.0035, rank=1)
    Unit 119 (p=0.0185, rank=2)
    Unit 34 (p=0.0188, rank=3)

  Stored category plot paths for 3 units

=== Final save: comprehensive ACx unit metrics with all plot paths ===
  Saved ACx comprehensive unit metrics to: /ems/elsc-labs/mizrahi-a/Shared/Amichai/NPXL/Recs/group5/catGTGroup5/catgt_G5A3_naive_true_g0/analysis_output/tables/acx_all_units_metrics.csv
  Saved ACx comprehensive metrics (with all p-values and plot paths) to: /ems/elsc-labs/mizrahi-a/Shared/Amichai/NPXL/Recs/group5/catGTGroup5/catgt_G5A3_naive_true_g0/analysis_output/tables/acx_all_units_metrics.csv
  Saved metrics for 142 ACx units
  P-value columns: tone_p_value, choice_p_value, outcome_p_value, category_p_value
  Plot path columns: psth_tone_path, psth_choice_path, psth_outcome_path, psth_category_path
                     heatmap_tone_path, heatmap_choice_path, heatmap_outcome_path

=== Saving category sensitivity results for ACx ===
  Saved ACx category sensitivity to: /ems/elsc-labs/mizrahi-a/Shared/Amichai/NPXL/Recs/group5/catGTGroup5/catgt_G5A3_naive_true_g0/analysis_output/tables/acx_category_sensitivity.csv

================================================================================
PROCESSING OFC
================================================================================

=== Finding active OFC units (tone-aligned) ===
Found 180 active units (p < 1) out of 180
  Found 180 active OFC units

=== Computing selectivity metrics for OFC ===
  Stimulus selective: 172
  Outcome modulated: 4
  Go/NoGo selective: 0
  Choice coding: 33
  Saved OFC selectivity metrics to: /ems/elsc-labs/mizrahi-a/Shared/Amichai/NPXL/Recs/group5/catGTGroup5/catgt_G5A3_naive_true_g0/analysis_output/tables/ofc_selectivity_metrics.csv
    Serialized list columns: ['tuning_curve_stimuli', 'tuning_curve', 'tuning_curve_sem']

=== Creating Unit objects for OFC ===

=== Computing aligned data for OFC ===
  Computing category sensitivity...
  Found 1 category-sensitive units (p<0.05)
  Total units analyzed for category: 180

=== Generating tone-aligned plots for OFC ===
  Total tone-modulated units: 180
  Units with p<0.05: 25

=== Saving raw PSTH plots for all OFC_Tone responsive units (sorted by p-value) ===
  Saving to: /ems/elsc-labs/mizrahi-a/Shared/Amichai/NPXL/Recs/group5/catGTGroup5/catgt_G5A3_naive_true_g0/analysis_output/plots/psth/ofc_tone
  Saved 25 OFC_Tone raw PSTH plots (sorted by significance) to /ems/elsc-labs/mizrahi-a/Shared/Amichai/NPXL/Recs/group5/catGTGroup5/catgt_G5A3_naive_true_g0/analysis_output/plots/psth/ofc_tone
  Generating tone-aligned heatmaps for 25 units with p<0.05...
    Processing heatmap 1/25: Unit 49
    Processing heatmap 10/25: Unit 160
    Processing heatmap 20/25: Unit 13
  Generated 25 tone-aligned heatmaps
  Stored 25 PSTH paths and 25 heatmap paths for tone

  Skipping choice-aligned plots (no data available)

  Skipping outcome-aligned plots (no data available)

=== Generating category-aligned plots for OFC ===
  Total category-modulated units: 180
  Units with p<0.05: 1
  Plotting PSTH by category for top 1 units with p<0.05:
    Unit 155 (p=0.0013, rank=1)

  Stored category plot paths for 1 units

=== Final save: comprehensive OFC unit metrics with all plot paths ===
  Saved OFC comprehensive unit metrics to: /ems/elsc-labs/mizrahi-a/Shared/Amichai/NPXL/Recs/group5/catGTGroup5/catgt_G5A3_naive_true_g0/analysis_output/tables/ofc_all_units_metrics.csv
  Saved OFC comprehensive metrics (with all p-values and plot paths) to: /ems/elsc-labs/mizrahi-a/Shared/Amichai/NPXL/Recs/group5/catGTGroup5/catgt_G5A3_naive_true_g0/analysis_output/tables/ofc_all_units_metrics.csv
  Saved metrics for 180 OFC units
  P-value columns: tone_p_value, choice_p_value, outcome_p_value, category_p_value
  Plot path columns: psth_tone_path, psth_choice_path, psth_outcome_path, psth_category_path
                     heatmap_tone_path, heatmap_choice_path, heatmap_outcome_path

=== Saving category sensitivity results for OFC ===
  Saved OFC category sensitivity to: /ems/elsc-labs/mizrahi-a/Shared/Amichai/NPXL/Recs/group5/catGTGroup5/catgt_G5A3_naive_true_g0/analysis_output/tables/ofc_category_sensitivity.csv

================================================================================
ANALYSIS COMPLETE!
All results saved to: /ems/elsc-labs/mizrahi-a/Shared/Amichai/NPXL/Recs/group5/catGTGroup5/catgt_G5A3_naive_true_g0/analysis_output
================================================================================

✓ Successfully completed: /ems/elsc-labs/mizrahi-a/Shared/Amichai/NPXL/Recs/group5/catGTGroup5/catgt_G5A3_naive_true_g0

================================================================================
Processing folder 13/22: catgt_G6A5_expert_1B_3T_tip_g0
Full path: /ems/elsc-labs/mizrahi-a/Shared/Amichai/NPXL/Recs/group6/catgt_G6A5_expert_1B_3T_tip_g0
================================================================================
Imports successful!
Workspace root: /ems/elsc-labs/mizrahi-a/Shared/Amichai/Code/DB

================================================================================
LOADING DATA
================================================================================

Loaded data:
  OFC_all shape: (10, 80, 328)
  ACx_all shape: (352, 80, 328)

Successfully loaded unit labels for OFC and ACx
  OFC labels shape: (604, 2)
  ACx labels shape: (1383, 2)

Good units:
  OFC good units: 0
  ACx good units: 14
n_units: 10
n_time_bins: 80
n_events: 328
window_duration: 4.0
bin_size: 0.10000000000000009
n_units: 352
n_time_bins: 80
n_events: 328
window_duration: 4.0
bin_size: 0.10000000000000009

Loaded event windows data:
  ACx: (352, 80, 328) units × time × events
  OFC: (10, 80, 328) units × time × events
Results will be saved to: /ems/elsc-labs/mizrahi-a/Shared/Amichai/NPXL/Recs/group6/catgt_G6A5_expert_1B_3T_tip_g0/analysis_output

================================================================================
PROCESSING ACx
================================================================================

=== Finding active ACx units (tone-aligned) ===
Found 343 active units (p < 1) out of 352
  Found 343 active ACx units

=== Computing selectivity metrics for ACx ===
  Stimulus selective: 237
  Outcome modulated: 162
  Go/NoGo selective: 0
  Choice coding: 230
  Saved ACx selectivity metrics to: /ems/elsc-labs/mizrahi-a/Shared/Amichai/NPXL/Recs/group6/catgt_G6A5_expert_1B_3T_tip_g0/analysis_output/tables/acx_selectivity_metrics.csv
    Serialized list columns: ['tuning_curve_stimuli', 'tuning_curve', 'tuning_curve_sem']

=== Creating Unit objects for ACx ===

=== Computing aligned data for ACx ===
  Computing category sensitivity...
  Found 12 category-sensitive units (p<0.05)
  Total units analyzed for category: 343

=== Generating tone-aligned plots for ACx ===
  Total tone-modulated units: 343
  Units with p<0.05: 43

=== Saving raw PSTH plots for all ACx_Tone responsive units (sorted by p-value) ===
  Saving to: /ems/elsc-labs/mizrahi-a/Shared/Amichai/NPXL/Recs/group6/catgt_G6A5_expert_1B_3T_tip_g0/analysis_output/plots/psth/acx_tone
  Saved 43 ACx_Tone raw PSTH plots (sorted by significance) to /ems/elsc-labs/mizrahi-a/Shared/Amichai/NPXL/Recs/group6/catgt_G6A5_expert_1B_3T_tip_g0/analysis_output/plots/psth/acx_tone
  Generating tone-aligned heatmaps for 43 units with p<0.05...
    Processing heatmap 1/43: Unit 158
    Processing heatmap 10/43: Unit 6
    Processing heatmap 20/43: Unit 94
    Processing heatmap 30/43: Unit 26
    Processing heatmap 40/43: Unit 247
  Generated 43 tone-aligned heatmaps
  Stored 43 PSTH paths and 43 heatmap paths for tone

  Skipping choice-aligned plots (no data available)

  Skipping outcome-aligned plots (no data available)

=== Generating category-aligned plots for ACx ===
  Total category-modulated units: 343
  Units with p<0.05: 12
  Plotting PSTH by category for top 10 units with p<0.05:
    Unit 253 (p=0.0061, rank=1)
    Unit 237 (p=0.0075, rank=2)
    Unit 272 (p=0.0094, rank=3)
    Unit 239 (p=0.0230, rank=4)
    Unit 120 (p=0.0235, rank=5)
    Unit 226 (p=0.0276, rank=6)
    Unit 28 (p=0.0336, rank=7)
    Unit 233 (p=0.0341, rank=8)
    Unit 330 (p=0.0344, rank=9)
    Unit 210 (p=0.0390, rank=10)

  Stored category plot paths for 10 units

=== Final save: comprehensive ACx unit metrics with all plot paths ===
  Saved ACx comprehensive unit metrics to: /ems/elsc-labs/mizrahi-a/Shared/Amichai/NPXL/Recs/group6/catgt_G6A5_expert_1B_3T_tip_g0/analysis_output/tables/acx_all_units_metrics.csv
  Saved ACx comprehensive metrics (with all p-values and plot paths) to: /ems/elsc-labs/mizrahi-a/Shared/Amichai/NPXL/Recs/group6/catgt_G6A5_expert_1B_3T_tip_g0/analysis_output/tables/acx_all_units_metrics.csv
  Saved metrics for 343 ACx units
  P-value columns: tone_p_value, choice_p_value, outcome_p_value, category_p_value
  Plot path columns: psth_tone_path, psth_choice_path, psth_outcome_path, psth_category_path
                     heatmap_tone_path, heatmap_choice_path, heatmap_outcome_path

=== Saving category sensitivity results for ACx ===
  Saved ACx category sensitivity to: /ems/elsc-labs/mizrahi-a/Shared/Amichai/NPXL/Recs/group6/catgt_G6A5_expert_1B_3T_tip_g0/analysis_output/tables/acx_category_sensitivity.csv

================================================================================
PROCESSING OFC
================================================================================

=== Finding active OFC units (tone-aligned) ===
Found 10 active units (p < 1) out of 10
  Found 10 active OFC units

=== Computing selectivity metrics for OFC ===
  Stimulus selective: 5
  Outcome modulated: 0
  Go/NoGo selective: 0
  Choice coding: 5
  Saved OFC selectivity metrics to: /ems/elsc-labs/mizrahi-a/Shared/Amichai/NPXL/Recs/group6/catgt_G6A5_expert_1B_3T_tip_g0/analysis_output/tables/ofc_selectivity_metrics.csv
    Serialized list columns: ['tuning_curve_stimuli', 'tuning_curve', 'tuning_curve_sem']

=== Creating Unit objects for OFC ===

=== Computing aligned data for OFC ===
  Computing category sensitivity...
  Found 1 category-sensitive units (p<0.05)
  Total units analyzed for category: 10

=== Generating tone-aligned plots for OFC ===
  Total tone-modulated units: 10
  Units with p<0.05: 0
  No units with p<0.05 for tone-aligned plots

  Skipping choice-aligned plots (no data available)

  Skipping outcome-aligned plots (no data available)

=== Generating category-aligned plots for OFC ===
  Total category-modulated units: 10
  Units with p<0.05: 1
  Plotting PSTH by category for top 1 units with p<0.05:
    Unit 6 (p=0.0171, rank=1)

  Stored category plot paths for 1 units

=== Final save: comprehensive OFC unit metrics with all plot paths ===
  Saved OFC comprehensive unit metrics to: /ems/elsc-labs/mizrahi-a/Shared/Amichai/NPXL/Recs/group6/catgt_G6A5_expert_1B_3T_tip_g0/analysis_output/tables/ofc_all_units_metrics.csv
  Saved OFC comprehensive metrics (with all p-values and plot paths) to: /ems/elsc-labs/mizrahi-a/Shared/Amichai/NPXL/Recs/group6/catgt_G6A5_expert_1B_3T_tip_g0/analysis_output/tables/ofc_all_units_metrics.csv
  Saved metrics for 10 OFC units
  P-value columns: tone_p_value, choice_p_value, outcome_p_value, category_p_value
  Plot path columns: psth_tone_path, psth_choice_path, psth_outcome_path, psth_category_path
                     heatmap_tone_path, heatmap_choice_path, heatmap_outcome_path

=== Saving category sensitivity results for OFC ===
  Saved OFC category sensitivity to: /ems/elsc-labs/mizrahi-a/Shared/Amichai/NPXL/Recs/group6/catgt_G6A5_expert_1B_3T_tip_g0/analysis_output/tables/ofc_category_sensitivity.csv

================================================================================
ANALYSIS COMPLETE!
All results saved to: /ems/elsc-labs/mizrahi-a/Shared/Amichai/NPXL/Recs/group6/catgt_G6A5_expert_1B_3T_tip_g0/analysis_output
================================================================================

✓ Successfully completed: /ems/elsc-labs/mizrahi-a/Shared/Amichai/NPXL/Recs/group6/catgt_G6A5_expert_1B_3T_tip_g0

================================================================================
Processing folder 14/22: catgt_G7A1_1BExpert _2B_3T_g0
Full path: /ems/elsc-labs/mizrahi-a/Shared/Amichai/NPXL/Recs/group7/catgt_G7A1_1BExpert _2B_3T_g0
================================================================================
Imports successful!
Workspace root: /ems/elsc-labs/mizrahi-a/Shared/Amichai/Code/DB

================================================================================
LOADING DATA
================================================================================

Loaded data:
  OFC_all shape: (72, 1600, 74)
  ACx_all shape: (28, 1600, 74)

Successfully loaded unit labels for OFC and ACx
  OFC labels shape: (469, 2)
  ACx labels shape: (249, 2)

Good units:
  OFC good units: 6
  ACx good units: 0
n_units: 72
n_time_bins: 1600
n_events: 74
window_duration: 4.0
bin_size: 0.004999999999999893
n_units: 28
n_time_bins: 1600
n_events: 74
window_duration: 4.0
bin_size: 0.004999999999999893

Loaded event windows data:
  ACx: (28, 1600, 74) units × time × events
  OFC: (72, 1600, 74) units × time × events
Results will be saved to: /ems/elsc-labs/mizrahi-a/Shared/Amichai/NPXL/Recs/group7/catgt_G7A1_1BExpert _2B_3T_g0/analysis_output

================================================================================
PROCESSING ACx
================================================================================

=== Finding active ACx units (tone-aligned) ===
Found 27 active units (p < 1) out of 28
  Found 27 active ACx units

=== Computing selectivity metrics for ACx ===
  Stimulus selective: 14
  Outcome modulated: 1
  Go/NoGo selective: 0
  Choice coding: 19
  Saved ACx selectivity metrics to: /ems/elsc-labs/mizrahi-a/Shared/Amichai/NPXL/Recs/group7/catgt_G7A1_1BExpert _2B_3T_g0/analysis_output/tables/acx_selectivity_metrics.csv
    Serialized list columns: ['tuning_curve_stimuli', 'tuning_curve', 'tuning_curve_sem']

=== Creating Unit objects for ACx ===

=== Computing aligned data for ACx ===
  Computing choice-aligned data...
  Found 12 choice-modulated units
  Computing outcome-aligned data...
  Found 0 outcome-modulated units
  Computing category sensitivity...
  Found 0 category-sensitive units (p<0.05)
  Total units analyzed for category: 27

=== Generating tone-aligned plots for ACx ===
  Total tone-modulated units: 27
  Units with p<0.05: 0
  No units with p<0.05 for tone-aligned plots

=== Generating choice-aligned plots for ACx ===
  Total choice-modulated units: 12
  Units with p<0.05: 1

=== Saving raw PSTH plots for all ACx_Choice responsive units (sorted by p-value) ===
  Saving to: /ems/elsc-labs/mizrahi-a/Shared/Amichai/NPXL/Recs/group7/catgt_G7A1_1BExpert _2B_3T_g0/analysis_output/plots/psth/acx_choice
  Saved 1 ACx_Choice raw PSTH plots (sorted by significance) to /ems/elsc-labs/mizrahi-a/Shared/Amichai/NPXL/Recs/group7/catgt_G7A1_1BExpert _2B_3T_g0/analysis_output/plots/psth/acx_choice
  Generating choice-aligned heatmaps for 1 units with p<0.05...
    Processing heatmap 1/1: Unit 1
  Generated 1 choice-aligned heatmaps
  Stored 1 PSTH paths and 1 heatmap paths for choice

  Skipping outcome-aligned plots (no significant units)

=== Generating category-aligned plots for ACx ===
  Total category-modulated units: 27
  Units with p<0.05: 0
  No units with p<0.05 for category plots

=== Final save: comprehensive ACx unit metrics with all plot paths ===
  Saved ACx comprehensive unit metrics to: /ems/elsc-labs/mizrahi-a/Shared/Amichai/NPXL/Recs/group7/catgt_G7A1_1BExpert _2B_3T_g0/analysis_output/tables/acx_all_units_metrics.csv
  Saved ACx comprehensive metrics (with all p-values and plot paths) to: /ems/elsc-labs/mizrahi-a/Shared/Amichai/NPXL/Recs/group7/catgt_G7A1_1BExpert _2B_3T_g0/analysis_output/tables/acx_all_units_metrics.csv
  Saved metrics for 27 ACx units
  P-value columns: tone_p_value, choice_p_value, outcome_p_value, category_p_value
  Plot path columns: psth_tone_path, psth_choice_path, psth_outcome_path, psth_category_path
                     heatmap_tone_path, heatmap_choice_path, heatmap_outcome_path

=== Saving category sensitivity results for ACx ===
  Saved ACx category sensitivity to: /ems/elsc-labs/mizrahi-a/Shared/Amichai/NPXL/Recs/group7/catgt_G7A1_1BExpert _2B_3T_g0/analysis_output/tables/acx_category_sensitivity.csv

================================================================================
PROCESSING OFC
================================================================================

=== Finding active OFC units (tone-aligned) ===
Found 70 active units (p < 1) out of 72
  Found 70 active OFC units

=== Computing selectivity metrics for OFC ===
  Stimulus selective: 49
  Outcome modulated: 3
  Go/NoGo selective: 3
  Choice coding: 46
  Saved OFC selectivity metrics to: /ems/elsc-labs/mizrahi-a/Shared/Amichai/NPXL/Recs/group7/catgt_G7A1_1BExpert _2B_3T_g0/analysis_output/tables/ofc_selectivity_metrics.csv
    Serialized list columns: ['tuning_curve_stimuli', 'tuning_curve', 'tuning_curve_sem']

=== Creating Unit objects for OFC ===

=== Computing aligned data for OFC ===
  Computing choice-aligned data...
  Found 41 choice-modulated units
  Computing outcome-aligned data...
  Found 0 outcome-modulated units
  Computing category sensitivity...
  Found 4 category-sensitive units (p<0.05)
  Total units analyzed for category: 70

=== Generating tone-aligned plots for OFC ===
  Total tone-modulated units: 70
  Units with p<0.05: 4

=== Saving raw PSTH plots for all OFC_Tone responsive units (sorted by p-value) ===
  Saving to: /ems/elsc-labs/mizrahi-a/Shared/Amichai/NPXL/Recs/group7/catgt_G7A1_1BExpert _2B_3T_g0/analysis_output/plots/psth/ofc_tone
  Saved 4 OFC_Tone raw PSTH plots (sorted by significance) to /ems/elsc-labs/mizrahi-a/Shared/Amichai/NPXL/Recs/group7/catgt_G7A1_1BExpert _2B_3T_g0/analysis_output/plots/psth/ofc_tone
  Generating tone-aligned heatmaps for 4 units with p<0.05...
    Processing heatmap 1/4: Unit 53
  Generated 4 tone-aligned heatmaps
  Stored 4 PSTH paths and 4 heatmap paths for tone

=== Generating choice-aligned plots for OFC ===
  Total choice-modulated units: 41
  Units with p<0.05: 2

=== Saving raw PSTH plots for all OFC_Choice responsive units (sorted by p-value) ===
  Saving to: /ems/elsc-labs/mizrahi-a/Shared/Amichai/NPXL/Recs/group7/catgt_G7A1_1BExpert _2B_3T_g0/analysis_output/plots/psth/ofc_choice
  Saved 2 OFC_Choice raw PSTH plots (sorted by significance) to /ems/elsc-labs/mizrahi-a/Shared/Amichai/NPXL/Recs/group7/catgt_G7A1_1BExpert _2B_3T_g0/analysis_output/plots/psth/ofc_choice
  Generating choice-aligned heatmaps for 2 units with p<0.05...
    Processing heatmap 1/2: Unit 43
  Generated 1 choice-aligned heatmaps
  Stored 2 PSTH paths and 1 heatmap paths for choice

  Skipping outcome-aligned plots (no significant units)

=== Generating category-aligned plots for OFC ===
  Total category-modulated units: 70
  Units with p<0.05: 4
  Plotting PSTH by category for top 4 units with p<0.05:
    Unit 13 (p=0.0031, rank=1)
    Unit 67 (p=0.0095, rank=2)
    Unit 18 (p=0.0307, rank=3)
    Unit 10 (p=0.0427, rank=4)

  Stored category plot paths for 4 units

=== Final save: comprehensive OFC unit metrics with all plot paths ===
  Saved OFC comprehensive unit metrics to: /ems/elsc-labs/mizrahi-a/Shared/Amichai/NPXL/Recs/group7/catgt_G7A1_1BExpert _2B_3T_g0/analysis_output/tables/ofc_all_units_metrics.csv
  Saved OFC comprehensive metrics (with all p-values and plot paths) to: /ems/elsc-labs/mizrahi-a/Shared/Amichai/NPXL/Recs/group7/catgt_G7A1_1BExpert _2B_3T_g0/analysis_output/tables/ofc_all_units_metrics.csv
  Saved metrics for 70 OFC units
  P-value columns: tone_p_value, choice_p_value, outcome_p_value, category_p_value
  Plot path columns: psth_tone_path, psth_choice_path, psth_outcome_path, psth_category_path
                     heatmap_tone_path, heatmap_choice_path, heatmap_outcome_path

=== Saving category sensitivity results for OFC ===
  Saved OFC category sensitivity to: /ems/elsc-labs/mizrahi-a/Shared/Amichai/NPXL/Recs/group7/catgt_G7A1_1BExpert _2B_3T_g0/analysis_output/tables/ofc_category_sensitivity.csv

================================================================================
ANALYSIS COMPLETE!
All results saved to: /ems/elsc-labs/mizrahi-a/Shared/Amichai/NPXL/Recs/group7/catgt_G7A1_1BExpert _2B_3T_g0/analysis_output
================================================================================

✓ Successfully completed: /ems/elsc-labs/mizrahi-a/Shared/Amichai/NPXL/Recs/group7/catgt_G7A1_1BExpert _2B_3T_g0

================================================================================
Processing folder 15/22: catgt_G7A1_1BExpert _FRA_g0
Full path: /ems/elsc-labs/mizrahi-a/Shared/Amichai/NPXL/Recs/group7/catgt_G7A1_1BExpert _FRA_g0
================================================================================
Imports successful!
Workspace root: /ems/elsc-labs/mizrahi-a/Shared/Amichai/Code/DB

================================================================================
LOADING DATA
================================================================================

Loaded data:
  OFC_all shape: (82, 1600, 1599)
  ACx_all shape: (62, 1600, 1599)

Successfully loaded unit labels for OFC and ACx
  OFC labels shape: (420, 2)
  ACx labels shape: (282, 2)

Good units:
  OFC good units: 15
  ACx good units: 4
n_units: 82
n_time_bins: 1600
n_events: 1599
window_duration: 4.0
bin_size: 0.004999999999999893
n_units: 62
n_time_bins: 1600
n_events: 1599
window_duration: 4.0
bin_size: 0.004999999999999893

Loaded event windows data:
  ACx: (62, 1600, 1599) units × time × events
  OFC: (82, 1600, 1599) units × time × events
Results will be saved to: /ems/elsc-labs/mizrahi-a/Shared/Amichai/NPXL/Recs/group7/catgt_G7A1_1BExpert _FRA_g0/analysis_output

================================================================================
PROCESSING ACx
================================================================================

=== Finding active ACx units (tone-aligned) ===
Found 62 active units (p < 1) out of 62
  Found 62 active ACx units

=== Computing selectivity metrics for ACx ===
  Stimulus selective: 61
  Outcome modulated: 0
  Go/NoGo selective: 0
  Choice coding: 0
  Saved ACx selectivity metrics to: /ems/elsc-labs/mizrahi-a/Shared/Amichai/NPXL/Recs/group7/catgt_G7A1_1BExpert _FRA_g0/analysis_output/tables/acx_selectivity_metrics.csv
    Serialized list columns: ['tuning_curve_stimuli', 'tuning_curve', 'tuning_curve_sem']

=== Creating Unit objects for ACx ===

=== Computing aligned data for ACx ===
  Computing category sensitivity...
  Found 0 category-sensitive units (p<0.05)
  Total units analyzed for category: 62

=== Generating tone-aligned plots for ACx ===
  Total tone-modulated units: 62
  Units with p<0.05: 5

=== Saving raw PSTH plots for all ACx_Tone responsive units (sorted by p-value) ===
  Saving to: /ems/elsc-labs/mizrahi-a/Shared/Amichai/NPXL/Recs/group7/catgt_G7A1_1BExpert _FRA_g0/analysis_output/plots/psth/acx_tone
  Saved 5 ACx_Tone raw PSTH plots (sorted by significance) to /ems/elsc-labs/mizrahi-a/Shared/Amichai/NPXL/Recs/group7/catgt_G7A1_1BExpert _FRA_g0/analysis_output/plots/psth/acx_tone
  Generating tone-aligned heatmaps for 5 units with p<0.05...
    Processing heatmap 1/5: Unit 33
  Generated 5 tone-aligned heatmaps
  Stored 5 PSTH paths and 5 heatmap paths for tone

  Skipping choice-aligned plots (no data available)

  Skipping outcome-aligned plots (no data available)

=== Generating category-aligned plots for ACx ===
  Total category-modulated units: 62
  Units with p<0.05: 0
  No units with p<0.05 for category plots

=== Final save: comprehensive ACx unit metrics with all plot paths ===
  Saved ACx comprehensive unit metrics to: /ems/elsc-labs/mizrahi-a/Shared/Amichai/NPXL/Recs/group7/catgt_G7A1_1BExpert _FRA_g0/analysis_output/tables/acx_all_units_metrics.csv
  Saved ACx comprehensive metrics (with all p-values and plot paths) to: /ems/elsc-labs/mizrahi-a/Shared/Amichai/NPXL/Recs/group7/catgt_G7A1_1BExpert _FRA_g0/analysis_output/tables/acx_all_units_metrics.csv
  Saved metrics for 62 ACx units
  P-value columns: tone_p_value, choice_p_value, outcome_p_value, category_p_value
  Plot path columns: psth_tone_path, psth_choice_path, psth_outcome_path, psth_category_path
                     heatmap_tone_path, heatmap_choice_path, heatmap_outcome_path

=== Saving category sensitivity results for ACx ===
  Saved ACx category sensitivity to: /ems/elsc-labs/mizrahi-a/Shared/Amichai/NPXL/Recs/group7/catgt_G7A1_1BExpert _FRA_g0/analysis_output/tables/acx_category_sensitivity.csv

================================================================================
PROCESSING OFC
================================================================================

=== Finding active OFC units (tone-aligned) ===
Found 81 active units (p < 1) out of 82
  Found 81 active OFC units

=== Computing selectivity metrics for OFC ===
  Stimulus selective: 80
  Outcome modulated: 0
  Go/NoGo selective: 0
  Choice coding: 0
  Saved OFC selectivity metrics to: /ems/elsc-labs/mizrahi-a/Shared/Amichai/NPXL/Recs/group7/catgt_G7A1_1BExpert _FRA_g0/analysis_output/tables/ofc_selectivity_metrics.csv
    Serialized list columns: ['tuning_curve_stimuli', 'tuning_curve', 'tuning_curve_sem']

=== Creating Unit objects for OFC ===

=== Computing aligned data for OFC ===
  Computing category sensitivity...
  Found 0 category-sensitive units (p<0.05)
  Total units analyzed for category: 81

=== Generating tone-aligned plots for OFC ===
  Total tone-modulated units: 81
  Units with p<0.05: 0
  No units with p<0.05 for tone-aligned plots

  Skipping choice-aligned plots (no data available)

  Skipping outcome-aligned plots (no data available)

=== Generating category-aligned plots for OFC ===
  Total category-modulated units: 81
  Units with p<0.05: 0
  No units with p<0.05 for category plots

=== Final save: comprehensive OFC unit metrics with all plot paths ===
  Saved OFC comprehensive unit metrics to: /ems/elsc-labs/mizrahi-a/Shared/Amichai/NPXL/Recs/group7/catgt_G7A1_1BExpert _FRA_g0/analysis_output/tables/ofc_all_units_metrics.csv
  Saved OFC comprehensive metrics (with all p-values and plot paths) to: /ems/elsc-labs/mizrahi-a/Shared/Amichai/NPXL/Recs/group7/catgt_G7A1_1BExpert _FRA_g0/analysis_output/tables/ofc_all_units_metrics.csv
  Saved metrics for 81 OFC units
  P-value columns: tone_p_value, choice_p_value, outcome_p_value, category_p_value
  Plot path columns: psth_tone_path, psth_choice_path, psth_outcome_path, psth_category_path
                     heatmap_tone_path, heatmap_choice_path, heatmap_outcome_path

=== Saving category sensitivity results for OFC ===
  Saved OFC category sensitivity to: /ems/elsc-labs/mizrahi-a/Shared/Amichai/NPXL/Recs/group7/catgt_G7A1_1BExpert _FRA_g0/analysis_output/tables/ofc_category_sensitivity.csv

================================================================================
ANALYSIS COMPLETE!
All results saved to: /ems/elsc-labs/mizrahi-a/Shared/Amichai/NPXL/Recs/group7/catgt_G7A1_1BExpert _FRA_g0/analysis_output
================================================================================

✓ Successfully completed: /ems/elsc-labs/mizrahi-a/Shared/Amichai/NPXL/Recs/group7/catgt_G7A1_1BExpert _FRA_g0

================================================================================
Processing folder 16/22: catgt_G7A1_Expert_1B_3T_g0
Full path: /ems/elsc-labs/mizrahi-a/Shared/Amichai/NPXL/Recs/group7/catgt_G7A1_Expert_1B_3T_g0
================================================================================
Imports successful!
Workspace root: /ems/elsc-labs/mizrahi-a/Shared/Amichai/Code/DB

================================================================================
LOADING DATA
================================================================================

Loaded data:
  OFC_all shape: (69, 1600, 400)
  ACx_all shape: (76, 1600, 400)

Successfully loaded unit labels for OFC and ACx
  OFC labels shape: (406, 2)
  ACx labels shape: (272, 2)

Good units:
  OFC good units: 6
  ACx good units: 3
n_units: 69
n_time_bins: 1600
n_events: 400
window_duration: 4.0
bin_size: 0.004999999999999893
n_units: 76
n_time_bins: 1600
n_events: 400
window_duration: 4.0
bin_size: 0.004999999999999893

Loaded event windows data:
  ACx: (76, 1600, 400) units × time × events
  OFC: (69, 1600, 400) units × time × events
Results will be saved to: /ems/elsc-labs/mizrahi-a/Shared/Amichai/NPXL/Recs/group7/catgt_G7A1_Expert_1B_3T_g0/analysis_output

================================================================================
PROCESSING ACx
================================================================================

=== Finding active ACx units (tone-aligned) ===
Found 73 active units (p < 1) out of 76
  Found 73 active ACx units

=== Computing selectivity metrics for ACx ===
  Stimulus selective: 50
  Outcome modulated: 3
  Go/NoGo selective: 0
  Choice coding: 25
  Saved ACx selectivity metrics to: /ems/elsc-labs/mizrahi-a/Shared/Amichai/NPXL/Recs/group7/catgt_G7A1_Expert_1B_3T_g0/analysis_output/tables/acx_selectivity_metrics.csv
    Serialized list columns: ['tuning_curve_stimuli', 'tuning_curve', 'tuning_curve_sem']

=== Creating Unit objects for ACx ===

=== Computing aligned data for ACx ===
  Computing choice-aligned data...
  Found 36 choice-modulated units
  Computing outcome-aligned data...
  Found 0 outcome-modulated units
  Computing category sensitivity...
  Found 2 category-sensitive units (p<0.05)
  Total units analyzed for category: 73

=== Generating tone-aligned plots for ACx ===
  Total tone-modulated units: 73
  Units with p<0.05: 5

=== Saving raw PSTH plots for all ACx_Tone responsive units (sorted by p-value) ===
  Saving to: /ems/elsc-labs/mizrahi-a/Shared/Amichai/NPXL/Recs/group7/catgt_G7A1_Expert_1B_3T_g0/analysis_output/plots/psth/acx_tone
  Saved 5 ACx_Tone raw PSTH plots (sorted by significance) to /ems/elsc-labs/mizrahi-a/Shared/Amichai/NPXL/Recs/group7/catgt_G7A1_Expert_1B_3T_g0/analysis_output/plots/psth/acx_tone
  Generating tone-aligned heatmaps for 5 units with p<0.05...
    Processing heatmap 1/5: Unit 45
  Generated 5 tone-aligned heatmaps
  Stored 5 PSTH paths and 5 heatmap paths for tone

=== Generating choice-aligned plots for ACx ===
  Total choice-modulated units: 36
  Units with p<0.05: 4

=== Saving raw PSTH plots for all ACx_Choice responsive units (sorted by p-value) ===
  Saving to: /ems/elsc-labs/mizrahi-a/Shared/Amichai/NPXL/Recs/group7/catgt_G7A1_Expert_1B_3T_g0/analysis_output/plots/psth/acx_choice
  Saved 4 ACx_Choice raw PSTH plots (sorted by significance) to /ems/elsc-labs/mizrahi-a/Shared/Amichai/NPXL/Recs/group7/catgt_G7A1_Expert_1B_3T_g0/analysis_output/plots/psth/acx_choice
  Generating choice-aligned heatmaps for 4 units with p<0.05...
    Processing heatmap 1/4: Unit 63
  Generated 4 choice-aligned heatmaps
  Stored 4 PSTH paths and 4 heatmap paths for choice

  Skipping outcome-aligned plots (no significant units)

=== Generating category-aligned plots for ACx ===
  Total category-modulated units: 73
  Units with p<0.05: 2
  Plotting PSTH by category for top 2 units with p<0.05:
    Unit 59 (p=0.0149, rank=1)
    Unit 39 (p=0.0445, rank=2)

  Stored category plot paths for 2 units

=== Final save: comprehensive ACx unit metrics with all plot paths ===
  Saved ACx comprehensive unit metrics to: /ems/elsc-labs/mizrahi-a/Shared/Amichai/NPXL/Recs/group7/catgt_G7A1_Expert_1B_3T_g0/analysis_output/tables/acx_all_units_metrics.csv
  Saved ACx comprehensive metrics (with all p-values and plot paths) to: /ems/elsc-labs/mizrahi-a/Shared/Amichai/NPXL/Recs/group7/catgt_G7A1_Expert_1B_3T_g0/analysis_output/tables/acx_all_units_metrics.csv
  Saved metrics for 73 ACx units
  P-value columns: tone_p_value, choice_p_value, outcome_p_value, category_p_value
  Plot path columns: psth_tone_path, psth_choice_path, psth_outcome_path, psth_category_path
                     heatmap_tone_path, heatmap_choice_path, heatmap_outcome_path

=== Saving category sensitivity results for ACx ===
  Saved ACx category sensitivity to: /ems/elsc-labs/mizrahi-a/Shared/Amichai/NPXL/Recs/group7/catgt_G7A1_Expert_1B_3T_g0/analysis_output/tables/acx_category_sensitivity.csv

================================================================================
PROCESSING OFC
================================================================================

=== Finding active OFC units (tone-aligned) ===
Found 69 active units (p < 1) out of 69
  Found 69 active OFC units

=== Computing selectivity metrics for OFC ===
  Stimulus selective: 47
  Outcome modulated: 3
  Go/NoGo selective: 0
  Choice coding: 43
  Saved OFC selectivity metrics to: /ems/elsc-labs/mizrahi-a/Shared/Amichai/NPXL/Recs/group7/catgt_G7A1_Expert_1B_3T_g0/analysis_output/tables/ofc_selectivity_metrics.csv
    Serialized list columns: ['tuning_curve_stimuli', 'tuning_curve', 'tuning_curve_sem']

=== Creating Unit objects for OFC ===

=== Computing aligned data for OFC ===
  Computing choice-aligned data...
  Found 44 choice-modulated units
  Computing outcome-aligned data...
  Found 0 outcome-modulated units
  Computing category sensitivity...
  Found 4 category-sensitive units (p<0.05)
  Total units analyzed for category: 69

=== Generating tone-aligned plots for OFC ===
  Total tone-modulated units: 69
  Units with p<0.05: 4

=== Saving raw PSTH plots for all OFC_Tone responsive units (sorted by p-value) ===
  Saving to: /ems/elsc-labs/mizrahi-a/Shared/Amichai/NPXL/Recs/group7/catgt_G7A1_Expert_1B_3T_g0/analysis_output/plots/psth/ofc_tone
  Saved 4 OFC_Tone raw PSTH plots (sorted by significance) to /ems/elsc-labs/mizrahi-a/Shared/Amichai/NPXL/Recs/group7/catgt_G7A1_Expert_1B_3T_g0/analysis_output/plots/psth/ofc_tone
  Generating tone-aligned heatmaps for 4 units with p<0.05...
    Processing heatmap 1/4: Unit 5
  Generated 4 tone-aligned heatmaps
  Stored 4 PSTH paths and 4 heatmap paths for tone

=== Generating choice-aligned plots for OFC ===
  Total choice-modulated units: 44
  Units with p<0.05: 5

=== Saving raw PSTH plots for all OFC_Choice responsive units (sorted by p-value) ===
  Saving to: /ems/elsc-labs/mizrahi-a/Shared/Amichai/NPXL/Recs/group7/catgt_G7A1_Expert_1B_3T_g0/analysis_output/plots/psth/ofc_choice
  Saved 5 OFC_Choice raw PSTH plots (sorted by significance) to /ems/elsc-labs/mizrahi-a/Shared/Amichai/NPXL/Recs/group7/catgt_G7A1_Expert_1B_3T_g0/analysis_output/plots/psth/ofc_choice
  Generating choice-aligned heatmaps for 5 units with p<0.05...
    Processing heatmap 1/5: Unit 59
  Generated 5 choice-aligned heatmaps
  Stored 5 PSTH paths and 5 heatmap paths for choice

  Skipping outcome-aligned plots (no significant units)

=== Generating category-aligned plots for OFC ===
  Total category-modulated units: 69
  Units with p<0.05: 4
  Plotting PSTH by category for top 4 units with p<0.05:
    Unit 4 (p=0.0016, rank=1)
    Unit 64 (p=0.0116, rank=2)
    Unit 29 (p=0.0331, rank=3)
    Unit 33 (p=0.0382, rank=4)

  Stored category plot paths for 4 units

=== Final save: comprehensive OFC unit metrics with all plot paths ===
  Saved OFC comprehensive unit metrics to: /ems/elsc-labs/mizrahi-a/Shared/Amichai/NPXL/Recs/group7/catgt_G7A1_Expert_1B_3T_g0/analysis_output/tables/ofc_all_units_metrics.csv
  Saved OFC comprehensive metrics (with all p-values and plot paths) to: /ems/elsc-labs/mizrahi-a/Shared/Amichai/NPXL/Recs/group7/catgt_G7A1_Expert_1B_3T_g0/analysis_output/tables/ofc_all_units_metrics.csv
  Saved metrics for 69 OFC units
  P-value columns: tone_p_value, choice_p_value, outcome_p_value, category_p_value
  Plot path columns: psth_tone_path, psth_choice_path, psth_outcome_path, psth_category_path
                     heatmap_tone_path, heatmap_choice_path, heatmap_outcome_path

=== Saving category sensitivity results for OFC ===
  Saved OFC category sensitivity to: /ems/elsc-labs/mizrahi-a/Shared/Amichai/NPXL/Recs/group7/catgt_G7A1_Expert_1B_3T_g0/analysis_output/tables/ofc_category_sensitivity.csv

================================================================================
ANALYSIS COMPLETE!
All results saved to: /ems/elsc-labs/mizrahi-a/Shared/Amichai/NPXL/Recs/group7/catgt_G7A1_Expert_1B_3T_g0/analysis_output
================================================================================

✓ Successfully completed: /ems/elsc-labs/mizrahi-a/Shared/Amichai/NPXL/Recs/group7/catgt_G7A1_Expert_1B_3T_g0

================================================================================
Processing folder 17/22: catgt_G7A1_novice_2b_4t_g0
Full path: /ems/elsc-labs/mizrahi-a/Shared/Amichai/NPXL/Recs/group7/catgt_G7A1_novice_2b_4t_g0
================================================================================
Imports successful!
Workspace root: /ems/elsc-labs/mizrahi-a/Shared/Amichai/Code/DB

================================================================================
LOADING DATA
================================================================================

✗ Error processing /ems/elsc-labs/mizrahi-a/Shared/Amichai/NPXL/Recs/group7/catgt_G7A1_novice_2b_4t_g0: OFC data file not found: /ems/elsc-labs/mizrahi-a/Shared/Amichai/NPXL/Recs/group7/catgt_G7A1_novice_2b_4t_g0/G7A1_novice_2b_4t_g0_imec1/analysis_output/event_windows_matrix.npy

Full traceback:

================================================================================
Processing folder 18/22: catgt_G7A1_novice_FRA_g0
Full path: /ems/elsc-labs/mizrahi-a/Shared/Amichai/NPXL/Recs/group7/catgt_G7A1_novice_FRA_g0
================================================================================
Imports successful!
Workspace root: /ems/elsc-labs/mizrahi-a/Shared/Amichai/Code/DB

================================================================================
LOADING DATA
================================================================================

Loaded data:
  OFC_all shape: (362, 1600, 350)
  ACx_all shape: (36, 1600, 350)

Successfully loaded unit labels for OFC and ACx
  OFC labels shape: (657, 2)
  ACx labels shape: (216, 2)

Good units:
  OFC good units: 61
  ACx good units: 3
n_units: 362
n_time_bins: 1600
n_events: 350
window_duration: 4.0
bin_size: 0.004999999999999893
n_units: 36
n_time_bins: 1600
n_events: 350
window_duration: 4.0
bin_size: 0.004999999999999893

Loaded event windows data:
  ACx: (36, 1600, 350) units × time × events
  OFC: (362, 1600, 350) units × time × events
Results will be saved to: /ems/elsc-labs/mizrahi-a/Shared/Amichai/NPXL/Recs/group7/catgt_G7A1_novice_FRA_g0/analysis_output

================================================================================
PROCESSING ACx
================================================================================

=== Finding active ACx units (tone-aligned) ===
Found 36 active units (p < 1) out of 36
  Found 36 active ACx units

=== Computing selectivity metrics for ACx ===
  Stimulus selective: 28
  Outcome modulated: 4
  Go/NoGo selective: 0
  Choice coding: 15
  Saved ACx selectivity metrics to: /ems/elsc-labs/mizrahi-a/Shared/Amichai/NPXL/Recs/group7/catgt_G7A1_novice_FRA_g0/analysis_output/tables/acx_selectivity_metrics.csv
    Serialized list columns: ['tuning_curve_stimuli', 'tuning_curve', 'tuning_curve_sem']

=== Creating Unit objects for ACx ===

=== Computing aligned data for ACx ===
  Computing category sensitivity...
  Found 0 category-sensitive units (p<0.05)
  Total units analyzed for category: 36

=== Generating tone-aligned plots for ACx ===
  Total tone-modulated units: 36
  Units with p<0.05: 0
  No units with p<0.05 for tone-aligned plots

  Skipping choice-aligned plots (no data available)

  Skipping outcome-aligned plots (no data available)

=== Generating category-aligned plots for ACx ===
  Total category-modulated units: 36
  Units with p<0.05: 0
  No units with p<0.05 for category plots

=== Final save: comprehensive ACx unit metrics with all plot paths ===
  Saved ACx comprehensive unit metrics to: /ems/elsc-labs/mizrahi-a/Shared/Amichai/NPXL/Recs/group7/catgt_G7A1_novice_FRA_g0/analysis_output/tables/acx_all_units_metrics.csv
  Saved ACx comprehensive metrics (with all p-values and plot paths) to: /ems/elsc-labs/mizrahi-a/Shared/Amichai/NPXL/Recs/group7/catgt_G7A1_novice_FRA_g0/analysis_output/tables/acx_all_units_metrics.csv
  Saved metrics for 36 ACx units
  P-value columns: tone_p_value, choice_p_value, outcome_p_value, category_p_value
  Plot path columns: psth_tone_path, psth_choice_path, psth_outcome_path, psth_category_path
                     heatmap_tone_path, heatmap_choice_path, heatmap_outcome_path

=== Saving category sensitivity results for ACx ===
  Saved ACx category sensitivity to: /ems/elsc-labs/mizrahi-a/Shared/Amichai/NPXL/Recs/group7/catgt_G7A1_novice_FRA_g0/analysis_output/tables/acx_category_sensitivity.csv

================================================================================
PROCESSING OFC
================================================================================

=== Finding active OFC units (tone-aligned) ===
Found 343 active units (p < 1) out of 362
  Found 343 active OFC units

=== Computing selectivity metrics for OFC ===
  Stimulus selective: 239
  Outcome modulated: 9
  Go/NoGo selective: 0
  Choice coding: 60
  Saved OFC selectivity metrics to: /ems/elsc-labs/mizrahi-a/Shared/Amichai/NPXL/Recs/group7/catgt_G7A1_novice_FRA_g0/analysis_output/tables/ofc_selectivity_metrics.csv
    Serialized list columns: ['tuning_curve_stimuli', 'tuning_curve', 'tuning_curve_sem']

=== Creating Unit objects for OFC ===

=== Computing aligned data for OFC ===
  Computing category sensitivity...
  Found 3 category-sensitive units (p<0.05)
  Total units analyzed for category: 343

=== Generating tone-aligned plots for OFC ===
  Total tone-modulated units: 343
  Units with p<0.05: 0
  No units with p<0.05 for tone-aligned plots

  Skipping choice-aligned plots (no data available)

  Skipping outcome-aligned plots (no data available)

=== Generating category-aligned plots for OFC ===
  Total category-modulated units: 343
  Units with p<0.05: 3
  Plotting PSTH by category for top 3 units with p<0.05:
    Unit 142 (p=0.0105, rank=1)
    Unit 131 (p=0.0455, rank=2)
    Unit 88 (p=0.0495, rank=3)

  Stored category plot paths for 3 units

=== Final save: comprehensive OFC unit metrics with all plot paths ===
  Saved OFC comprehensive unit metrics to: /ems/elsc-labs/mizrahi-a/Shared/Amichai/NPXL/Recs/group7/catgt_G7A1_novice_FRA_g0/analysis_output/tables/ofc_all_units_metrics.csv
  Saved OFC comprehensive metrics (with all p-values and plot paths) to: /ems/elsc-labs/mizrahi-a/Shared/Amichai/NPXL/Recs/group7/catgt_G7A1_novice_FRA_g0/analysis_output/tables/ofc_all_units_metrics.csv
  Saved metrics for 343 OFC units
  P-value columns: tone_p_value, choice_p_value, outcome_p_value, category_p_value
  Plot path columns: psth_tone_path, psth_choice_path, psth_outcome_path, psth_category_path
                     heatmap_tone_path, heatmap_choice_path, heatmap_outcome_path

=== Saving category sensitivity results for OFC ===
  Saved OFC category sensitivity to: /ems/elsc-labs/mizrahi-a/Shared/Amichai/NPXL/Recs/group7/catgt_G7A1_novice_FRA_g0/analysis_output/tables/ofc_category_sensitivity.csv

================================================================================
ANALYSIS COMPLETE!
All results saved to: /ems/elsc-labs/mizrahi-a/Shared/Amichai/NPXL/Recs/group7/catgt_G7A1_novice_FRA_g0/analysis_output
================================================================================

✓ Successfully completed: /ems/elsc-labs/mizrahi-a/Shared/Amichai/NPXL/Recs/group7/catgt_G7A1_novice_FRA_g0

================================================================================
Processing folder 19/22: catgt_G7A2_novice_2b_4t_g1
Full path: /ems/elsc-labs/mizrahi-a/Shared/Amichai/NPXL/Recs/group7/catgt_G7A2_novice_2b_4t_g1
================================================================================
Imports successful!
Workspace root: /ems/elsc-labs/mizrahi-a/Shared/Amichai/Code/DB

================================================================================
LOADING DATA
================================================================================

Loaded data:
  OFC_all shape: (75, 1600, 350)
  ACx_all shape: (838, 1600, 350)

Successfully loaded unit labels for OFC and ACx
  OFC labels shape: (409, 2)
  ACx labels shape: (1918, 2)

Good units:
  OFC good units: 6
  ACx good units: 281
n_units: 75
n_time_bins: 1600
n_events: 350
window_duration: 4.0
bin_size: 0.004999999999999893
n_units: 838
n_time_bins: 1600
n_events: 350
window_duration: 4.0
bin_size: 0.004999999999999893

Loaded event windows data:
  ACx: (838, 1600, 350) units × time × events
  OFC: (75, 1600, 350) units × time × events
Results will be saved to: /ems/elsc-labs/mizrahi-a/Shared/Amichai/NPXL/Recs/group7/catgt_G7A2_novice_2b_4t_g1/analysis_output

================================================================================
PROCESSING ACx
================================================================================

=== Finding active ACx units (tone-aligned) ===
Found 781 active units (p < 1) out of 838
  Found 781 active ACx units

=== Computing selectivity metrics for ACx ===
  Stimulus selective: 704
  Outcome modulated: 408
  Go/NoGo selective: 26
  Choice coding: 495
  Saved ACx selectivity metrics to: /ems/elsc-labs/mizrahi-a/Shared/Amichai/NPXL/Recs/group7/catgt_G7A2_novice_2b_4t_g1/analysis_output/tables/acx_selectivity_metrics.csv
    Serialized list columns: ['tuning_curve_stimuli', 'tuning_curve', 'tuning_curve_sem']

=== Creating Unit objects for ACx ===

=== Computing aligned data for ACx ===
  Computing choice-aligned data...
  Found 435 choice-modulated units
  Computing outcome-aligned data...
  Found 280 outcome-modulated units
  Computing category sensitivity...
  Found 36 category-sensitive units (p<0.05)
  Total units analyzed for category: 781

=== Generating tone-aligned plots for ACx ===
  Total tone-modulated units: 781
  Units with p<0.05: 225

=== Saving raw PSTH plots for all ACx_Tone responsive units (sorted by p-value) ===
  Saving to: /ems/elsc-labs/mizrahi-a/Shared/Amichai/NPXL/Recs/group7/catgt_G7A2_novice_2b_4t_g1/analysis_output/plots/psth/acx_tone
  Saved 225 ACx_Tone raw PSTH plots (sorted by significance) to /ems/elsc-labs/mizrahi-a/Shared/Amichai/NPXL/Recs/group7/catgt_G7A2_novice_2b_4t_g1/analysis_output/plots/psth/acx_tone
  Generating tone-aligned heatmaps for 225 units with p<0.05...
    Processing heatmap 1/225: Unit 565
    Processing heatmap 10/225: Unit 829
    Processing heatmap 20/225: Unit 183
    Processing heatmap 30/225: Unit 594
    Processing heatmap 40/225: Unit 214
    Processing heatmap 50/225: Unit 179
    Processing heatmap 60/225: Unit 672
    Processing heatmap 70/225: Unit 226
    Processing heatmap 80/225: Unit 584
    Processing heatmap 90/225: Unit 635
    Processing heatmap 100/225: Unit 253
    Processing heatmap 110/225: Unit 790
    Processing heatmap 120/225: Unit 621
    Processing heatmap 130/225: Unit 347
    Processing heatmap 140/225: Unit 617
    Processing heatmap 150/225: Unit 55
    Processing heatmap 160/225: Unit 290
    Processing heatmap 170/225: Unit 236
    Processing heatmap 180/225: Unit 281
    Processing heatmap 190/225: Unit 215
    Processing heatmap 200/225: Unit 440
    Processing heatmap 210/225: Unit 490
    Processing heatmap 220/225: Unit 721
  Generated 225 tone-aligned heatmaps
  Stored 225 PSTH paths and 225 heatmap paths for tone

=== Generating choice-aligned plots for ACx ===
  Total choice-modulated units: 435
  Units with p<0.05: 301

=== Saving raw PSTH plots for all ACx_Choice responsive units (sorted by p-value) ===
  Saving to: /ems/elsc-labs/mizrahi-a/Shared/Amichai/NPXL/Recs/group7/catgt_G7A2_novice_2b_4t_g1/analysis_output/plots/psth/acx_choice
  Saved 301 ACx_Choice raw PSTH plots (sorted by significance) to /ems/elsc-labs/mizrahi-a/Shared/Amichai/NPXL/Recs/group7/catgt_G7A2_novice_2b_4t_g1/analysis_output/plots/psth/acx_choice
  Generating choice-aligned heatmaps for 301 units with p<0.05...
    Processing heatmap 1/301: Unit 338
    Processing heatmap 10/301: Unit 575
    Processing heatmap 20/301: Unit 767
    Processing heatmap 30/301: Unit 660
    Processing heatmap 40/301: Unit 694
    Processing heatmap 50/301: Unit 184
    Processing heatmap 60/301: Unit 709
    Processing heatmap 70/301: Unit 126
    Processing heatmap 80/301: Unit 548
    Processing heatmap 90/301: Unit 636
    Processing heatmap 100/301: Unit 555
    Processing heatmap 110/301: Unit 231
    Processing heatmap 120/301: Unit 818
    Processing heatmap 130/301: Unit 701
    Processing heatmap 140/301: Unit 41
    Processing heatmap 150/301: Unit 411
    Processing heatmap 160/301: Unit 649
    Processing heatmap 170/301: Unit 719
    Processing heatmap 180/301: Unit 131
    Processing heatmap 190/301: Unit 583
    Processing heatmap 200/301: Unit 686
    Processing heatmap 210/301: Unit 226
    Processing heatmap 220/301: Unit 754
    Processing heatmap 230/301: Unit 443
    Processing heatmap 240/301: Unit 347
    Processing heatmap 250/301: Unit 550
    Processing heatmap 260/301: Unit 798
    Processing heatmap 270/301: Unit 446
    Processing heatmap 280/301: Unit 420
  Generated 280 choice-aligned heatmaps
  Stored 301 PSTH paths and 280 heatmap paths for choice

=== Generating outcome-aligned plots for ACx ===
  Total outcome-modulated units: 280
  Units with p<0.05: 16

=== Saving raw PSTH plots for all ACx_Outcome responsive units (sorted by p-value) ===
  Saving to: /ems/elsc-labs/mizrahi-a/Shared/Amichai/NPXL/Recs/group7/catgt_G7A2_novice_2b_4t_g1/analysis_output/plots/psth/acx_outcome
  Saved 16 ACx_Outcome raw PSTH plots (sorted by significance) to /ems/elsc-labs/mizrahi-a/Shared/Amichai/NPXL/Recs/group7/catgt_G7A2_novice_2b_4t_g1/analysis_output/plots/psth/acx_outcome
  Generating outcome-aligned heatmaps for 16 units with p<0.05...
    Processing heatmap 1/16: Unit 3
    Processing heatmap 10/16: Unit 7
  Generated 16 outcome-aligned heatmaps
  Stored 16 PSTH paths and 16 heatmap paths for outcome

=== Generating category-aligned plots for ACx ===
  Total category-modulated units: 781
  Units with p<0.05: 36
  Plotting PSTH by category for top 10 units with p<0.05:
    Unit 142 (p=0.0000, rank=1)
    Unit 631 (p=0.0002, rank=2)
    Unit 172 (p=0.0002, rank=3)
    Unit 519 (p=0.0018, rank=4)
    Unit 422 (p=0.0045, rank=5)
    Unit 622 (p=0.0057, rank=6)
    Unit 163 (p=0.0059, rank=7)
    Unit 275 (p=0.0075, rank=8)
    Unit 635 (p=0.0079, rank=9)
    Unit 180 (p=0.0088, rank=10)

  Stored category plot paths for 10 units

=== Final save: comprehensive ACx unit metrics with all plot paths ===
  Saved ACx comprehensive unit metrics to: /ems/elsc-labs/mizrahi-a/Shared/Amichai/NPXL/Recs/group7/catgt_G7A2_novice_2b_4t_g1/analysis_output/tables/acx_all_units_metrics.csv
  Saved ACx comprehensive metrics (with all p-values and plot paths) to: /ems/elsc-labs/mizrahi-a/Shared/Amichai/NPXL/Recs/group7/catgt_G7A2_novice_2b_4t_g1/analysis_output/tables/acx_all_units_metrics.csv
  Saved metrics for 781 ACx units
  P-value columns: tone_p_value, choice_p_value, outcome_p_value, category_p_value
  Plot path columns: psth_tone_path, psth_choice_path, psth_outcome_path, psth_category_path
                     heatmap_tone_path, heatmap_choice_path, heatmap_outcome_path

=== Saving category sensitivity results for ACx ===
  Saved ACx category sensitivity to: /ems/elsc-labs/mizrahi-a/Shared/Amichai/NPXL/Recs/group7/catgt_G7A2_novice_2b_4t_g1/analysis_output/tables/acx_category_sensitivity.csv

================================================================================
PROCESSING OFC
================================================================================

=== Finding active OFC units (tone-aligned) ===
Found 74 active units (p < 1) out of 75
  Found 74 active OFC units

=== Computing selectivity metrics for OFC ===
  Stimulus selective: 55
  Outcome modulated: 5
  Go/NoGo selective: 0
  Choice coding: 24
  Saved OFC selectivity metrics to: /ems/elsc-labs/mizrahi-a/Shared/Amichai/NPXL/Recs/group7/catgt_G7A2_novice_2b_4t_g1/analysis_output/tables/ofc_selectivity_metrics.csv
    Serialized list columns: ['tuning_curve_stimuli', 'tuning_curve', 'tuning_curve_sem']

=== Creating Unit objects for OFC ===

=== Computing aligned data for OFC ===
  Computing choice-aligned data...
  Found 43 choice-modulated units
  Computing outcome-aligned data...
  Found 22 outcome-modulated units
  Computing category sensitivity...
  Found 2 category-sensitive units (p<0.05)
  Total units analyzed for category: 74

=== Generating tone-aligned plots for OFC ===
  Total tone-modulated units: 74
  Units with p<0.05: 7

=== Saving raw PSTH plots for all OFC_Tone responsive units (sorted by p-value) ===
  Saving to: /ems/elsc-labs/mizrahi-a/Shared/Amichai/NPXL/Recs/group7/catgt_G7A2_novice_2b_4t_g1/analysis_output/plots/psth/ofc_tone
  Saved 7 OFC_Tone raw PSTH plots (sorted by significance) to /ems/elsc-labs/mizrahi-a/Shared/Amichai/NPXL/Recs/group7/catgt_G7A2_novice_2b_4t_g1/analysis_output/plots/psth/ofc_tone
  Generating tone-aligned heatmaps for 7 units with p<0.05...
    Processing heatmap 1/7: Unit 46
  Generated 7 tone-aligned heatmaps
  Stored 7 PSTH paths and 7 heatmap paths for tone

=== Generating choice-aligned plots for OFC ===
  Total choice-modulated units: 43
  Units with p<0.05: 12

=== Saving raw PSTH plots for all OFC_Choice responsive units (sorted by p-value) ===
  Saving to: /ems/elsc-labs/mizrahi-a/Shared/Amichai/NPXL/Recs/group7/catgt_G7A2_novice_2b_4t_g1/analysis_output/plots/psth/ofc_choice
  Saved 12 OFC_Choice raw PSTH plots (sorted by significance) to /ems/elsc-labs/mizrahi-a/Shared/Amichai/NPXL/Recs/group7/catgt_G7A2_novice_2b_4t_g1/analysis_output/plots/psth/ofc_choice
  Generating choice-aligned heatmaps for 12 units with p<0.05...
    Processing heatmap 1/12: Unit 18
    Processing heatmap 10/12: Unit 51
  Generated 12 choice-aligned heatmaps
  Stored 12 PSTH paths and 12 heatmap paths for choice

=== Generating outcome-aligned plots for OFC ===
  Total outcome-modulated units: 22
  Units with p<0.05: 2

=== Saving raw PSTH plots for all OFC_Outcome responsive units (sorted by p-value) ===
  Saving to: /ems/elsc-labs/mizrahi-a/Shared/Amichai/NPXL/Recs/group7/catgt_G7A2_novice_2b_4t_g1/analysis_output/plots/psth/ofc_outcome
  Saved 2 OFC_Outcome raw PSTH plots (sorted by significance) to /ems/elsc-labs/mizrahi-a/Shared/Amichai/NPXL/Recs/group7/catgt_G7A2_novice_2b_4t_g1/analysis_output/plots/psth/ofc_outcome
  Generating outcome-aligned heatmaps for 2 units with p<0.05...
    Processing heatmap 1/2: Unit 70
  Generated 2 outcome-aligned heatmaps
  Stored 2 PSTH paths and 2 heatmap paths for outcome

=== Generating category-aligned plots for OFC ===
  Total category-modulated units: 74
  Units with p<0.05: 2
  Plotting PSTH by category for top 2 units with p<0.05:
    Unit 68 (p=0.0030, rank=1)
    Unit 51 (p=0.0463, rank=2)

  Stored category plot paths for 2 units

=== Final save: comprehensive OFC unit metrics with all plot paths ===
  Saved OFC comprehensive unit metrics to: /ems/elsc-labs/mizrahi-a/Shared/Amichai/NPXL/Recs/group7/catgt_G7A2_novice_2b_4t_g1/analysis_output/tables/ofc_all_units_metrics.csv
  Saved OFC comprehensive metrics (with all p-values and plot paths) to: /ems/elsc-labs/mizrahi-a/Shared/Amichai/NPXL/Recs/group7/catgt_G7A2_novice_2b_4t_g1/analysis_output/tables/ofc_all_units_metrics.csv
  Saved metrics for 74 OFC units
  P-value columns: tone_p_value, choice_p_value, outcome_p_value, category_p_value
  Plot path columns: psth_tone_path, psth_choice_path, psth_outcome_path, psth_category_path
                     heatmap_tone_path, heatmap_choice_path, heatmap_outcome_path

=== Saving category sensitivity results for OFC ===
  Saved OFC category sensitivity to: /ems/elsc-labs/mizrahi-a/Shared/Amichai/NPXL/Recs/group7/catgt_G7A2_novice_2b_4t_g1/analysis_output/tables/ofc_category_sensitivity.csv

================================================================================
ANALYSIS COMPLETE!
All results saved to: /ems/elsc-labs/mizrahi-a/Shared/Amichai/NPXL/Recs/group7/catgt_G7A2_novice_2b_4t_g1/analysis_output
================================================================================

✓ Successfully completed: /ems/elsc-labs/mizrahi-a/Shared/Amichai/NPXL/Recs/group7/catgt_G7A2_novice_2b_4t_g1

================================================================================
Processing folder 20/22: catgt_G7A2_novice_FRA_g0
Full path: /ems/elsc-labs/mizrahi-a/Shared/Amichai/NPXL/Recs/group7/catgt_G7A2_novice_FRA_g0
================================================================================
Imports successful!
Workspace root: /ems/elsc-labs/mizrahi-a/Shared/Amichai/Code/DB

================================================================================
LOADING DATA
================================================================================

Loaded data:
  OFC_all shape: (102, 1600, 1600)
  ACx_all shape: (894, 1600, 1600)

Successfully loaded unit labels for OFC and ACx
  OFC labels shape: (458, 2)
  ACx labels shape: (1299, 2)

Good units:
  OFC good units: 12
  ACx good units: 327
n_units: 102
n_time_bins: 1600
n_events: 1600
window_duration: 4.0
bin_size: 0.004999999999999893
n_units: 894
n_time_bins: 1600
n_events: 1600
window_duration: 4.0
bin_size: 0.004999999999999893

Loaded event windows data:
  ACx: (894, 1600, 1600) units × time × events
  OFC: (102, 1600, 1600) units × time × events
Results will be saved to: /ems/elsc-labs/mizrahi-a/Shared/Amichai/NPXL/Recs/group7/catgt_G7A2_novice_FRA_g0/analysis_output

================================================================================
PROCESSING ACx
================================================================================

=== Finding active ACx units (tone-aligned) ===
Found 883 active units (p < 1) out of 894
  Found 883 active ACx units

=== Computing selectivity metrics for ACx ===
  Stimulus selective: 875
  Outcome modulated: 0
  Go/NoGo selective: 0
  Choice coding: 0
  Saved ACx selectivity metrics to: /ems/elsc-labs/mizrahi-a/Shared/Amichai/NPXL/Recs/group7/catgt_G7A2_novice_FRA_g0/analysis_output/tables/acx_selectivity_metrics.csv
    Serialized list columns: ['tuning_curve_stimuli', 'tuning_curve', 'tuning_curve_sem']

=== Creating Unit objects for ACx ===

=== Computing aligned data for ACx ===
  Computing category sensitivity...
  Found 0 category-sensitive units (p<0.05)
  Total units analyzed for category: 883

=== Generating tone-aligned plots for ACx ===
  Total tone-modulated units: 883
  Units with p<0.05: 187

=== Saving raw PSTH plots for all ACx_Tone responsive units (sorted by p-value) ===
  Saving to: /ems/elsc-labs/mizrahi-a/Shared/Amichai/NPXL/Recs/group7/catgt_G7A2_novice_FRA_g0/analysis_output/plots/psth/acx_tone
  Saved 187 ACx_Tone raw PSTH plots (sorted by significance) to /ems/elsc-labs/mizrahi-a/Shared/Amichai/NPXL/Recs/group7/catgt_G7A2_novice_FRA_g0/analysis_output/plots/psth/acx_tone
  Generating tone-aligned heatmaps for 187 units with p<0.05...
    Processing heatmap 1/187: Unit 550
    Processing heatmap 10/187: Unit 657
    Processing heatmap 20/187: Unit 858
    Processing heatmap 30/187: Unit 218
    Processing heatmap 40/187: Unit 572
    Processing heatmap 50/187: Unit 693
    Processing heatmap 60/187: Unit 564
    Processing heatmap 70/187: Unit 627
    Processing heatmap 80/187: Unit 824
    Processing heatmap 90/187: Unit 205
    Processing heatmap 100/187: Unit 178
    Processing heatmap 110/187: Unit 32
    Processing heatmap 120/187: Unit 624
    Processing heatmap 130/187: Unit 612
    Processing heatmap 140/187: Unit 803
    Processing heatmap 150/187: Unit 453
    Processing heatmap 160/187: Unit 844
    Processing heatmap 170/187: Unit 162
    Processing heatmap 180/187: Unit 681
  Generated 187 tone-aligned heatmaps
  Stored 187 PSTH paths and 187 heatmap paths for tone

  Skipping choice-aligned plots (no data available)

  Skipping outcome-aligned plots (no data available)

=== Generating category-aligned plots for ACx ===
  Total category-modulated units: 883
  Units with p<0.05: 0
  No units with p<0.05 for category plots

=== Final save: comprehensive ACx unit metrics with all plot paths ===
  Saved ACx comprehensive unit metrics to: /ems/elsc-labs/mizrahi-a/Shared/Amichai/NPXL/Recs/group7/catgt_G7A2_novice_FRA_g0/analysis_output/tables/acx_all_units_metrics.csv
  Saved ACx comprehensive metrics (with all p-values and plot paths) to: /ems/elsc-labs/mizrahi-a/Shared/Amichai/NPXL/Recs/group7/catgt_G7A2_novice_FRA_g0/analysis_output/tables/acx_all_units_metrics.csv
  Saved metrics for 883 ACx units
  P-value columns: tone_p_value, choice_p_value, outcome_p_value, category_p_value
  Plot path columns: psth_tone_path, psth_choice_path, psth_outcome_path, psth_category_path
                     heatmap_tone_path, heatmap_choice_path, heatmap_outcome_path

=== Saving category sensitivity results for ACx ===
  Saved ACx category sensitivity to: /ems/elsc-labs/mizrahi-a/Shared/Amichai/NPXL/Recs/group7/catgt_G7A2_novice_FRA_g0/analysis_output/tables/acx_category_sensitivity.csv

================================================================================
PROCESSING OFC
================================================================================

=== Finding active OFC units (tone-aligned) ===
Found 99 active units (p < 1) out of 102
  Found 99 active OFC units

=== Computing selectivity metrics for OFC ===
  Stimulus selective: 99
  Outcome modulated: 0
  Go/NoGo selective: 0
  Choice coding: 0
  Saved OFC selectivity metrics to: /ems/elsc-labs/mizrahi-a/Shared/Amichai/NPXL/Recs/group7/catgt_G7A2_novice_FRA_g0/analysis_output/tables/ofc_selectivity_metrics.csv
    Serialized list columns: ['tuning_curve_stimuli', 'tuning_curve', 'tuning_curve_sem']

=== Creating Unit objects for OFC ===

=== Computing aligned data for OFC ===
  Computing category sensitivity...
  Found 0 category-sensitive units (p<0.05)
  Total units analyzed for category: 99

=== Generating tone-aligned plots for OFC ===
  Total tone-modulated units: 99
  Units with p<0.05: 0
  No units with p<0.05 for tone-aligned plots

  Skipping choice-aligned plots (no data available)

  Skipping outcome-aligned plots (no data available)

=== Generating category-aligned plots for OFC ===
  Total category-modulated units: 99
  Units with p<0.05: 0
  No units with p<0.05 for category plots

=== Final save: comprehensive OFC unit metrics with all plot paths ===
  Saved OFC comprehensive unit metrics to: /ems/elsc-labs/mizrahi-a/Shared/Amichai/NPXL/Recs/group7/catgt_G7A2_novice_FRA_g0/analysis_output/tables/ofc_all_units_metrics.csv
  Saved OFC comprehensive metrics (with all p-values and plot paths) to: /ems/elsc-labs/mizrahi-a/Shared/Amichai/NPXL/Recs/group7/catgt_G7A2_novice_FRA_g0/analysis_output/tables/ofc_all_units_metrics.csv
  Saved metrics for 99 OFC units
  P-value columns: tone_p_value, choice_p_value, outcome_p_value, category_p_value
  Plot path columns: psth_tone_path, psth_choice_path, psth_outcome_path, psth_category_path
                     heatmap_tone_path, heatmap_choice_path, heatmap_outcome_path

=== Saving category sensitivity results for OFC ===
  Saved OFC category sensitivity to: /ems/elsc-labs/mizrahi-a/Shared/Amichai/NPXL/Recs/group7/catgt_G7A2_novice_FRA_g0/analysis_output/tables/ofc_category_sensitivity.csv

================================================================================
ANALYSIS COMPLETE!
All results saved to: /ems/elsc-labs/mizrahi-a/Shared/Amichai/NPXL/Recs/group7/catgt_G7A2_novice_FRA_g0/analysis_output
================================================================================

✓ Successfully completed: /ems/elsc-labs/mizrahi-a/Shared/Amichai/NPXL/Recs/group7/catgt_G7A2_novice_FRA_g0

================================================================================
Processing folder 21/22: catgt_G7A3_novice_2b_4t_g0
Full path: /ems/elsc-labs/mizrahi-a/Shared/Amichai/NPXL/Recs/group7/catgt_G7A3_novice_2b_4t_g0
================================================================================
Imports successful!
Workspace root: /ems/elsc-labs/mizrahi-a/Shared/Amichai/Code/DB

================================================================================
LOADING DATA
================================================================================

Loaded data:
  OFC_all shape: (411, 1600, 350)
  ACx_all shape: (256, 1600, 350)

Successfully loaded unit labels for OFC and ACx
  OFC labels shape: (1344, 2)
  ACx labels shape: (790, 2)

Good units:
  OFC good units: 69
  ACx good units: 0
n_units: 411
n_time_bins: 1600
n_events: 350
window_duration: 4.0
bin_size: 0.004999999999999893
n_units: 256
n_time_bins: 1600
n_events: 350
window_duration: 4.0
bin_size: 0.004999999999999893

Loaded event windows data:
  ACx: (256, 1600, 350) units × time × events
  OFC: (411, 1600, 350) units × time × events
Results will be saved to: /ems/elsc-labs/mizrahi-a/Shared/Amichai/NPXL/Recs/group7/catgt_G7A3_novice_2b_4t_g0/analysis_output

================================================================================
PROCESSING ACx
================================================================================

=== Finding active ACx units (tone-aligned) ===
Found 253 active units (p < 1) out of 256
  Found 253 active ACx units

=== Computing selectivity metrics for ACx ===
  Stimulus selective: 226
  Outcome modulated: 132
  Go/NoGo selective: 0
  Choice coding: 196
  Saved ACx selectivity metrics to: /ems/elsc-labs/mizrahi-a/Shared/Amichai/NPXL/Recs/group7/catgt_G7A3_novice_2b_4t_g0/analysis_output/tables/acx_selectivity_metrics.csv
    Serialized list columns: ['tuning_curve_stimuli', 'tuning_curve', 'tuning_curve_sem']

=== Creating Unit objects for ACx ===

=== Computing aligned data for ACx ===
  Computing choice-aligned data...
  Found 224 choice-modulated units
  Computing outcome-aligned data...
  Found 133 outcome-modulated units
  Computing category sensitivity...
  Found 6 category-sensitive units (p<0.05)
  Total units analyzed for category: 253

=== Generating tone-aligned plots for ACx ===
  Total tone-modulated units: 253
  Units with p<0.05: 6

=== Saving raw PSTH plots for all ACx_Tone responsive units (sorted by p-value) ===
  Saving to: /ems/elsc-labs/mizrahi-a/Shared/Amichai/NPXL/Recs/group7/catgt_G7A3_novice_2b_4t_g0/analysis_output/plots/psth/acx_tone
  Saved 6 ACx_Tone raw PSTH plots (sorted by significance) to /ems/elsc-labs/mizrahi-a/Shared/Amichai/NPXL/Recs/group7/catgt_G7A3_novice_2b_4t_g0/analysis_output/plots/psth/acx_tone
  Generating tone-aligned heatmaps for 6 units with p<0.05...
    Processing heatmap 1/6: Unit 250
  Generated 6 tone-aligned heatmaps
  Stored 6 PSTH paths and 6 heatmap paths for tone

=== Generating choice-aligned plots for ACx ===
  Total choice-modulated units: 224
  Units with p<0.05: 68

=== Saving raw PSTH plots for all ACx_Choice responsive units (sorted by p-value) ===
  Saving to: /ems/elsc-labs/mizrahi-a/Shared/Amichai/NPXL/Recs/group7/catgt_G7A3_novice_2b_4t_g0/analysis_output/plots/psth/acx_choice
  Saved 68 ACx_Choice raw PSTH plots (sorted by significance) to /ems/elsc-labs/mizrahi-a/Shared/Amichai/NPXL/Recs/group7/catgt_G7A3_novice_2b_4t_g0/analysis_output/plots/psth/acx_choice
  Generating choice-aligned heatmaps for 68 units with p<0.05...
    Processing heatmap 1/68: Unit 220
    Processing heatmap 10/68: Unit 251
    Processing heatmap 20/68: Unit 163
    Processing heatmap 30/68: Unit 138
    Processing heatmap 40/68: Unit 127
    Processing heatmap 50/68: Unit 217
    Processing heatmap 60/68: Unit 190
  Generated 67 choice-aligned heatmaps
  Stored 68 PSTH paths and 67 heatmap paths for choice

=== Generating outcome-aligned plots for ACx ===
  Total outcome-modulated units: 133
  Units with p<0.05: 9

=== Saving raw PSTH plots for all ACx_Outcome responsive units (sorted by p-value) ===
  Saving to: /ems/elsc-labs/mizrahi-a/Shared/Amichai/NPXL/Recs/group7/catgt_G7A3_novice_2b_4t_g0/analysis_output/plots/psth/acx_outcome
  Saved 9 ACx_Outcome raw PSTH plots (sorted by significance) to /ems/elsc-labs/mizrahi-a/Shared/Amichai/NPXL/Recs/group7/catgt_G7A3_novice_2b_4t_g0/analysis_output/plots/psth/acx_outcome
  Generating outcome-aligned heatmaps for 9 units with p<0.05...
    Processing heatmap 1/9: Unit 112
  Generated 9 outcome-aligned heatmaps
  Stored 9 PSTH paths and 9 heatmap paths for outcome

=== Generating category-aligned plots for ACx ===
  Total category-modulated units: 253
  Units with p<0.05: 6
  Plotting PSTH by category for top 6 units with p<0.05:
    Unit 212 (p=0.0013, rank=1)
    Unit 74 (p=0.0157, rank=2)
    Unit 137 (p=0.0227, rank=3)
    Unit 239 (p=0.0277, rank=4)
    Unit 208 (p=0.0294, rank=5)
    Unit 118 (p=0.0436, rank=6)

  Stored category plot paths for 6 units

=== Final save: comprehensive ACx unit metrics with all plot paths ===
  Saved ACx comprehensive unit metrics to: /ems/elsc-labs/mizrahi-a/Shared/Amichai/NPXL/Recs/group7/catgt_G7A3_novice_2b_4t_g0/analysis_output/tables/acx_all_units_metrics.csv
  Saved ACx comprehensive metrics (with all p-values and plot paths) to: /ems/elsc-labs/mizrahi-a/Shared/Amichai/NPXL/Recs/group7/catgt_G7A3_novice_2b_4t_g0/analysis_output/tables/acx_all_units_metrics.csv
  Saved metrics for 253 ACx units
  P-value columns: tone_p_value, choice_p_value, outcome_p_value, category_p_value
  Plot path columns: psth_tone_path, psth_choice_path, psth_outcome_path, psth_category_path
                     heatmap_tone_path, heatmap_choice_path, heatmap_outcome_path

=== Saving category sensitivity results for ACx ===
  Saved ACx category sensitivity to: /ems/elsc-labs/mizrahi-a/Shared/Amichai/NPXL/Recs/group7/catgt_G7A3_novice_2b_4t_g0/analysis_output/tables/acx_category_sensitivity.csv

================================================================================
PROCESSING OFC
================================================================================

=== Finding active OFC units (tone-aligned) ===
Found 383 active units (p < 1) out of 411
  Found 383 active OFC units

=== Computing selectivity metrics for OFC ===
  Stimulus selective: 257
  Outcome modulated: 124
  Go/NoGo selective: 0
  Choice coding: 166
  Saved OFC selectivity metrics to: /ems/elsc-labs/mizrahi-a/Shared/Amichai/NPXL/Recs/group7/catgt_G7A3_novice_2b_4t_g0/analysis_output/tables/ofc_selectivity_metrics.csv
    Serialized list columns: ['tuning_curve_stimuli', 'tuning_curve', 'tuning_curve_sem']

=== Creating Unit objects for OFC ===

=== Computing aligned data for OFC ===
  Computing choice-aligned data...
  Found 233 choice-modulated units
  Computing outcome-aligned data...
  Found 78 outcome-modulated units
  Computing category sensitivity...
  Found 27 category-sensitive units (p<0.05)
  Total units analyzed for category: 383

=== Generating tone-aligned plots for OFC ===
  Total tone-modulated units: 383
  Units with p<0.05: 75

=== Saving raw PSTH plots for all OFC_Tone responsive units (sorted by p-value) ===
  Saving to: /ems/elsc-labs/mizrahi-a/Shared/Amichai/NPXL/Recs/group7/catgt_G7A3_novice_2b_4t_g0/analysis_output/plots/psth/ofc_tone
  Saved 75 OFC_Tone raw PSTH plots (sorted by significance) to /ems/elsc-labs/mizrahi-a/Shared/Amichai/NPXL/Recs/group7/catgt_G7A3_novice_2b_4t_g0/analysis_output/plots/psth/ofc_tone
  Generating tone-aligned heatmaps for 75 units with p<0.05...
    Processing heatmap 1/75: Unit 85
    Processing heatmap 10/75: Unit 143
    Processing heatmap 20/75: Unit 125
    Processing heatmap 30/75: Unit 342
    Processing heatmap 40/75: Unit 289
    Processing heatmap 50/75: Unit 288
    Processing heatmap 60/75: Unit 276
    Processing heatmap 70/75: Unit 72
  Generated 75 tone-aligned heatmaps
  Stored 75 PSTH paths and 75 heatmap paths for tone

=== Generating choice-aligned plots for OFC ===
  Total choice-modulated units: 233
  Units with p<0.05: 60

=== Saving raw PSTH plots for all OFC_Choice responsive units (sorted by p-value) ===
  Saving to: /ems/elsc-labs/mizrahi-a/Shared/Amichai/NPXL/Recs/group7/catgt_G7A3_novice_2b_4t_g0/analysis_output/plots/psth/ofc_choice
  Saved 60 OFC_Choice raw PSTH plots (sorted by significance) to /ems/elsc-labs/mizrahi-a/Shared/Amichai/NPXL/Recs/group7/catgt_G7A3_novice_2b_4t_g0/analysis_output/plots/psth/ofc_choice
  Generating choice-aligned heatmaps for 60 units with p<0.05...
    Processing heatmap 1/60: Unit 160
    Processing heatmap 10/60: Unit 350
    Processing heatmap 20/60: Unit 33
    Processing heatmap 30/60: Unit 27
    Processing heatmap 40/60: Unit 79
    Processing heatmap 50/60: Unit 180
    Processing heatmap 60/60: Unit 202
  Generated 60 choice-aligned heatmaps
  Stored 60 PSTH paths and 60 heatmap paths for choice

=== Generating outcome-aligned plots for OFC ===
  Total outcome-modulated units: 78
  Units with p<0.05: 13

=== Saving raw PSTH plots for all OFC_Outcome responsive units (sorted by p-value) ===
  Saving to: /ems/elsc-labs/mizrahi-a/Shared/Amichai/NPXL/Recs/group7/catgt_G7A3_novice_2b_4t_g0/analysis_output/plots/psth/ofc_outcome
  Saved 13 OFC_Outcome raw PSTH plots (sorted by significance) to /ems/elsc-labs/mizrahi-a/Shared/Amichai/NPXL/Recs/group7/catgt_G7A3_novice_2b_4t_g0/analysis_output/plots/psth/ofc_outcome
  Generating outcome-aligned heatmaps for 13 units with p<0.05...
    Processing heatmap 1/13: Unit 14
    Processing heatmap 10/13: Unit 285
  Generated 13 outcome-aligned heatmaps
  Stored 13 PSTH paths and 13 heatmap paths for outcome

=== Generating category-aligned plots for OFC ===
  Total category-modulated units: 383
  Units with p<0.05: 27
  Plotting PSTH by category for top 10 units with p<0.05:
    Unit 39 (p=0.0001, rank=1)
    Unit 394 (p=0.0031, rank=2)
    Unit 93 (p=0.0044, rank=3)
    Unit 392 (p=0.0047, rank=4)
    Unit 378 (p=0.0058, rank=5)
    Unit 355 (p=0.0133, rank=6)
    Unit 262 (p=0.0140, rank=7)
    Unit 346 (p=0.0140, rank=8)
    Unit 58 (p=0.0164, rank=9)
    Unit 202 (p=0.0171, rank=10)

  Stored category plot paths for 10 units

=== Final save: comprehensive OFC unit metrics with all plot paths ===
  Saved OFC comprehensive unit metrics to: /ems/elsc-labs/mizrahi-a/Shared/Amichai/NPXL/Recs/group7/catgt_G7A3_novice_2b_4t_g0/analysis_output/tables/ofc_all_units_metrics.csv
  Saved OFC comprehensive metrics (with all p-values and plot paths) to: /ems/elsc-labs/mizrahi-a/Shared/Amichai/NPXL/Recs/group7/catgt_G7A3_novice_2b_4t_g0/analysis_output/tables/ofc_all_units_metrics.csv
  Saved metrics for 383 OFC units
  P-value columns: tone_p_value, choice_p_value, outcome_p_value, category_p_value
  Plot path columns: psth_tone_path, psth_choice_path, psth_outcome_path, psth_category_path
                     heatmap_tone_path, heatmap_choice_path, heatmap_outcome_path

=== Saving category sensitivity results for OFC ===
  Saved OFC category sensitivity to: /ems/elsc-labs/mizrahi-a/Shared/Amichai/NPXL/Recs/group7/catgt_G7A3_novice_2b_4t_g0/analysis_output/tables/ofc_category_sensitivity.csv

================================================================================
ANALYSIS COMPLETE!
All results saved to: /ems/elsc-labs/mizrahi-a/Shared/Amichai/NPXL/Recs/group7/catgt_G7A3_novice_2b_4t_g0/analysis_output
================================================================================

✓ Successfully completed: /ems/elsc-labs/mizrahi-a/Shared/Amichai/NPXL/Recs/group7/catgt_G7A3_novice_2b_4t_g0

================================================================================
Processing folder 22/22: catgt_G7A3_novice_FRA_g0
Full path: /ems/elsc-labs/mizrahi-a/Shared/Amichai/NPXL/Recs/group7/catgt_G7A3_novice_FRA_g0
================================================================================
Imports successful!
Workspace root: /ems/elsc-labs/mizrahi-a/Shared/Amichai/Code/DB

================================================================================
LOADING DATA
================================================================================

Loaded data:
  OFC_all shape: (381, 1600, 1599)
  ACx_all shape: (177, 1600, 1599)

Successfully loaded unit labels for OFC and ACx
  OFC labels shape: (656, 2)
  ACx labels shape: (764, 2)

Good units:
  OFC good units: 104
  ACx good units: 0
n_units: 381
n_time_bins: 1600
n_events: 1599
window_duration: 4.0
bin_size: 0.004999999999999893
n_units: 177
n_time_bins: 1600
n_events: 1599
window_duration: 4.0
bin_size: 0.004999999999999893

Loaded event windows data:
  ACx: (177, 1600, 1599) units × time × events
  OFC: (381, 1600, 1599) units × time × events
Results will be saved to: /ems/elsc-labs/mizrahi-a/Shared/Amichai/NPXL/Recs/group7/catgt_G7A3_novice_FRA_g0/analysis_output

================================================================================
PROCESSING ACx
================================================================================

=== Finding active ACx units (tone-aligned) ===
Found 176 active units (p < 1) out of 177
  Found 176 active ACx units

=== Computing selectivity metrics for ACx ===
  Stimulus selective: 176
  Outcome modulated: 0
  Go/NoGo selective: 0
  Choice coding: 0
  Saved ACx selectivity metrics to: /ems/elsc-labs/mizrahi-a/Shared/Amichai/NPXL/Recs/group7/catgt_G7A3_novice_FRA_g0/analysis_output/tables/acx_selectivity_metrics.csv
    Serialized list columns: ['tuning_curve_stimuli', 'tuning_curve', 'tuning_curve_sem']

=== Creating Unit objects for ACx ===

=== Computing aligned data for ACx ===
  Computing category sensitivity...
  Found 0 category-sensitive units (p<0.05)
  Total units analyzed for category: 176

=== Generating tone-aligned plots for ACx ===
  Total tone-modulated units: 176
  Units with p<0.05: 4

=== Saving raw PSTH plots for all ACx_Tone responsive units (sorted by p-value) ===
  Saving to: /ems/elsc-labs/mizrahi-a/Shared/Amichai/NPXL/Recs/group7/catgt_G7A3_novice_FRA_g0/analysis_output/plots/psth/acx_tone
  Saved 4 ACx_Tone raw PSTH plots (sorted by significance) to /ems/elsc-labs/mizrahi-a/Shared/Amichai/NPXL/Recs/group7/catgt_G7A3_novice_FRA_g0/analysis_output/plots/psth/acx_tone
  Generating tone-aligned heatmaps for 4 units with p<0.05...
    Processing heatmap 1/4: Unit 94
  Generated 4 tone-aligned heatmaps
  Stored 4 PSTH paths and 4 heatmap paths for tone

  Skipping choice-aligned plots (no data available)

  Skipping outcome-aligned plots (no data available)

=== Generating category-aligned plots for ACx ===
  Total category-modulated units: 176
  Units with p<0.05: 0
  No units with p<0.05 for category plots

=== Final save: comprehensive ACx unit metrics with all plot paths ===
  Saved ACx comprehensive unit metrics to: /ems/elsc-labs/mizrahi-a/Shared/Amichai/NPXL/Recs/group7/catgt_G7A3_novice_FRA_g0/analysis_output/tables/acx_all_units_metrics.csv
  Saved ACx comprehensive metrics (with all p-values and plot paths) to: /ems/elsc-labs/mizrahi-a/Shared/Amichai/NPXL/Recs/group7/catgt_G7A3_novice_FRA_g0/analysis_output/tables/acx_all_units_metrics.csv
  Saved metrics for 176 ACx units
  P-value columns: tone_p_value, choice_p_value, outcome_p_value, category_p_value
  Plot path columns: psth_tone_path, psth_choice_path, psth_outcome_path, psth_category_path
                     heatmap_tone_path, heatmap_choice_path, heatmap_outcome_path

=== Saving category sensitivity results for ACx ===
  Saved ACx category sensitivity to: /ems/elsc-labs/mizrahi-a/Shared/Amichai/NPXL/Recs/group7/catgt_G7A3_novice_FRA_g0/analysis_output/tables/acx_category_sensitivity.csv

================================================================================
PROCESSING OFC
================================================================================

=== Finding active OFC units (tone-aligned) ===
Found 379 active units (p < 1) out of 381
  Found 379 active OFC units

=== Computing selectivity metrics for OFC ===
  Stimulus selective: 375
  Outcome modulated: 0
  Go/NoGo selective: 0
  Choice coding: 0
  Saved OFC selectivity metrics to: /ems/elsc-labs/mizrahi-a/Shared/Amichai/NPXL/Recs/group7/catgt_G7A3_novice_FRA_g0/analysis_output/tables/ofc_selectivity_metrics.csv
    Serialized list columns: ['tuning_curve_stimuli', 'tuning_curve', 'tuning_curve_sem']

=== Creating Unit objects for OFC ===

=== Computing aligned data for OFC ===
  Computing category sensitivity...
  Found 0 category-sensitive units (p<0.05)
  Total units analyzed for category: 379

=== Generating tone-aligned plots for OFC ===
  Total tone-modulated units: 379
  Units with p<0.05: 0
  No units with p<0.05 for tone-aligned plots

  Skipping choice-aligned plots (no data available)

  Skipping outcome-aligned plots (no data available)

=== Generating category-aligned plots for OFC ===
  Total category-modulated units: 379
  Units with p<0.05: 0
  No units with p<0.05 for category plots

=== Final save: comprehensive OFC unit metrics with all plot paths ===
  Saved OFC comprehensive unit metrics to: /ems/elsc-labs/mizrahi-a/Shared/Amichai/NPXL/Recs/group7/catgt_G7A3_novice_FRA_g0/analysis_output/tables/ofc_all_units_metrics.csv
  Saved OFC comprehensive metrics (with all p-values and plot paths) to: /ems/elsc-labs/mizrahi-a/Shared/Amichai/NPXL/Recs/group7/catgt_G7A3_novice_FRA_g0/analysis_output/tables/ofc_all_units_metrics.csv
  Saved metrics for 379 OFC units
  P-value columns: tone_p_value, choice_p_value, outcome_p_value, category_p_value
  Plot path columns: psth_tone_path, psth_choice_path, psth_outcome_path, psth_category_path
                     heatmap_tone_path, heatmap_choice_path, heatmap_outcome_path

=== Saving category sensitivity results for OFC ===
  Saved OFC category sensitivity to: /ems/elsc-labs/mizrahi-a/Shared/Amichai/NPXL/Recs/group7/catgt_G7A3_novice_FRA_g0/analysis_output/tables/ofc_category_sensitivity.csv

================================================================================
ANALYSIS COMPLETE!
All results saved to: /ems/elsc-labs/mizrahi-a/Shared/Amichai/NPXL/Recs/group7/catgt_G7A3_novice_FRA_g0/analysis_output
================================================================================

✓ Successfully completed: /ems/elsc-labs/mizrahi-a/Shared/Amichai/NPXL/Recs/group7/catgt_G7A3_novice_FRA_g0

================================================================================
BATCH PROCESSING SUMMARY
================================================================================

Total folders found: 22
Successfully processed: 18
Failed: 4

✓ Successfully processed folders:
  - /ems/elsc-labs/mizrahi-a/Shared/Amichai/NPXL/Recs/group5/catGTGroup5/catgt_G5A1_naive_2b_4t_high_and_low_2_g0
  - /ems/elsc-labs/mizrahi-a/Shared/Amichai/NPXL/Recs/group5/catGTGroup5/catgt_G5A1_naive_2b_4t_high_g0
  - /ems/elsc-labs/mizrahi-a/Shared/Amichai/NPXL/Recs/group5/catGTGroup5/catgt_G5A1_naive_FRA_g0
  - /ems/elsc-labs/mizrahi-a/Shared/Amichai/NPXL/Recs/group5/catGTGroup5/catgt_G5A2_naive_2b_4t_nn_g0
  - /ems/elsc-labs/mizrahi-a/Shared/Amichai/NPXL/Recs/group5/catGTGroup5/catgt_G5A3_1b_4t_new2_g0
  - /ems/elsc-labs/mizrahi-a/Shared/Amichai/NPXL/Recs/group5/catGTGroup5/catgt_G5A3_1b_FRA_g0
  - /ems/elsc-labs/mizrahi-a/Shared/Amichai/NPXL/Recs/group5/catGTGroup5/catgt_G5A3_2b_4t_new2_g0
  - /ems/elsc-labs/mizrahi-a/Shared/Amichai/NPXL/Recs/group5/catGTGroup5/catgt_G5A3_naive_FRA_g0
  - /ems/elsc-labs/mizrahi-a/Shared/Amichai/NPXL/Recs/group5/catGTGroup5/catgt_G5A3_naive_true_g0
  - /ems/elsc-labs/mizrahi-a/Shared/Amichai/NPXL/Recs/group6/catgt_G6A5_expert_1B_3T_tip_g0
  - /ems/elsc-labs/mizrahi-a/Shared/Amichai/NPXL/Recs/group7/catgt_G7A1_1BExpert _2B_3T_g0
  - /ems/elsc-labs/mizrahi-a/Shared/Amichai/NPXL/Recs/group7/catgt_G7A1_1BExpert _FRA_g0
  - /ems/elsc-labs/mizrahi-a/Shared/Amichai/NPXL/Recs/group7/catgt_G7A1_Expert_1B_3T_g0
  - /ems/elsc-labs/mizrahi-a/Shared/Amichai/NPXL/Recs/group7/catgt_G7A1_novice_FRA_g0
  - /ems/elsc-labs/mizrahi-a/Shared/Amichai/NPXL/Recs/group7/catgt_G7A2_novice_2b_4t_g1
  - /ems/elsc-labs/mizrahi-a/Shared/Amichai/NPXL/Recs/group7/catgt_G7A2_novice_FRA_g0
  - /ems/elsc-labs/mizrahi-a/Shared/Amichai/NPXL/Recs/group7/catgt_G7A3_novice_2b_4t_g0
  - /ems/elsc-labs/mizrahi-a/Shared/Amichai/NPXL/Recs/group7/catgt_G7A3_novice_FRA_g0

✗ Failed folders:
  - /ems/elsc-labs/mizrahi-a/Shared/Amichai/NPXL/Recs/group5/catGTGroup5/catgt_G5A1_naive_2b_4t_high_and_low_g0
    Error: OFC data file not found: /ems/elsc-labs/mizrahi-a/Shared/Amichai/NPXL/Recs/group5/catGTGroup5/catgt_G5A1_naive_2b_4t_high_and_low_g0/G5A1_naive_2b_4t_high_and_low_g0_imec1/analysis_output/event_windows_matrix.npy
  - /ems/elsc-labs/mizrahi-a/Shared/Amichai/NPXL/Recs/group5/catGTGroup5/catgt_G5A2_naive_FRA_g0
    Error: OFC data file not found: /ems/elsc-labs/mizrahi-a/Shared/Amichai/NPXL/Recs/group5/catGTGroup5/catgt_G5A2_naive_FRA_g0/G5A2_naive_FRA_g0_imec1/analysis_output/event_windows_matrix.npy
  - /ems/elsc-labs/mizrahi-a/Shared/Amichai/NPXL/Recs/group5/catGTGroup5/catgt_G5A3_1b_4t_new_g0
    Error: OFC data file not found: /ems/elsc-labs/mizrahi-a/Shared/Amichai/NPXL/Recs/group5/catGTGroup5/catgt_G5A3_1b_4t_new_g0/G5A3_1b_4t_new_g0_imec1/analysis_output/event_windows_matrix.npy
  - /ems/elsc-labs/mizrahi-a/Shared/Amichai/NPXL/Recs/group7/catgt_G7A1_novice_2b_4t_g0
    Error: OFC data file not found: /ems/elsc-labs/mizrahi-a/Shared/Amichai/NPXL/Recs/group7/catgt_G7A1_novice_2b_4t_g0/G7A1_novice_2b_4t_g0_imec1/analysis_output/event_windows_matrix.npy

================================================================================
Batch processing job completed at Fri Dec 12 02:54:02 PM IST 2025

=== Last 50 lines of output (if available) ===
Output file not yet written or not found

=== Last 50 lines of error output (if available) ===
Error file not yet written or not found

Job finished. Check npxl_batch_refactored_7417525.out and npxl_batch_refactored_7417525.err for full output.
